Date,Div,Time,HomeTeam,AwayTeam,FTR,HTR,Referee,Season,Last5HomeOver2.5Perc,Last5AwayOver2.5Perc,HST,AST,HomeOver2.5Perc,AvgLast5AwayGoalsConceded,AwayOver2.5Perc,AvgLast5HomeGoalsScored,AvgLast5HomeGoalsConceded,AvgLast5AwayGoalsScored,MaxC>2.5,B365C<2.5,AvgHomeGoalsScored,HR,Over2.5
2022-08-05,E0,20:00,Crystal Palace,Arsenal,A,A,A Taylor,2022/2023,0.0,0.0,2,2,42.11,0.0,47.37,0.0,2.0,2.0,2.19,1.72,1.11,0,0
2022-08-20,E0,17:30,Bournemouth,Arsenal,A,A,C Pawson,2022/2023,50.0,50.0,1,6,47.37,0.0,47.37,1.0,1.5,2.5,1.9,2.1,1.05,0,1
2022-09-04,E0,16:30,Man United,Arsenal,H,H,P Tierney,2022/2023,100.0,66.67,6,3,57.89,1.0,47.37,2.0,1.33,2.0,1.82,2.1,1.89,0,1
2022-09-18,E0,12:00,Brentford,Arsenal,A,A,D Coote,2022/2023,75.0,75.0,2,7,47.37,0.75,47.37,2.5,1.5,2.25,1.81,2.1,1.84,0,1
2022-10-16,E0,14:00,Leeds,Arsenal,A,A,C Kavanagh,2022/2023,40.0,60.0,4,4,63.16,0.6,47.37,1.2,0.6,2.0,1.64,2.3,1.37,0,0
2022-10-23,E0,14:00,Southampton,Arsenal,D,A,R Jones,2022/2023,40.0,60.0,3,3,47.37,0.8,47.37,1.0,1.2,1.8,1.72,2.2,1.0,0,0
2022-11-06,E0,12:00,Chelsea,Arsenal,A,D,M Oliver,2022/2023,60.0,40.0,1,2,36.84,0.8,47.37,1.6,0.8,1.4,2.01,1.96,1.05,0,0
2022-11-12,E0,19:45,Wolves,Arsenal,A,D,S Attwell,2022/2023,60.0,20.0,2,4,26.32,0.2,47.37,0.6,2.4,1.6,1.97,1.98,1.0,0,0
2022-12-31,E0,17:30,Brighton,Arsenal,A,A,A Taylor,2022/2023,60.0,20.0,5,7,52.63,0.6,47.37,1.4,1.6,1.8,1.96,2.01,1.95,0,1
2023-01-15,E0,16:30,Tottenham,Arsenal,A,A,C Pawson,2022/2023,60.0,20.0,7,5,57.89,0.6,47.37,1.2,2.2,2.0,2.03,1.94,1.95,0,0
2023-02-04,E0,12:30,Everton,Arsenal,H,D,D Coote,2022/2023,60.0,20.0,4,3,42.11,0.6,47.37,0.8,2.0,1.8,2.09,1.83,0.84,0,0
2023-02-18,E0,12:30,Aston Villa,Arsenal,A,H,S Hooper,2022/2023,80.0,40.0,5,5,57.89,1.0,47.37,1.6,2.6,2.4,2.01,1.91,1.74,0,1
2023-02-25,E0,15:00,Leicester,Arsenal,A,D,C Pawson,2022/2023,60.0,40.0,0,2,63.16,1.0,47.37,1.2,1.6,2.2,1.77,2.1,1.21,0,0
2023-03-12,E0,14:00,Fulham,Arsenal,A,A,D Coote,2022/2023,40.0,40.0,2,7,73.68,0.6,47.37,1.0,1.2,2.0,1.84,2.1,1.63,0,1
2023-04-09,E0,16:30,Liverpool,Arsenal,D,A,P Tierney,2022/2023,40.0,60.0,6,5,52.63,1.0,47.37,2.6,0.4,2.0,1.76,2.2,2.42,0,1
2023-04-16,E0,14:00,West Ham,Arsenal,D,A,D Coote,2022/2023,60.0,80.0,3,5,36.84,1.2,47.37,1.8,1.6,2.4,1.81,2.1,1.37,0,1
2023-04-26,E0,20:00,Man City,Arsenal,H,H,M Oliver,2022/2023,80.0,80.0,9,2,84.21,1.6,47.37,3.2,0.8,1.8,1.83,2.1,3.16,0,1
2023-05-07,E0,16:30,Newcastle,Arsenal,A,A,C Kavanagh,2022/2023,60.0,80.0,5,6,36.84,1.6,47.37,2.6,1.0,2.0,1.72,2.2,1.89,0,0
2023-05-20,E0,17:30,Nott'm Forest,Arsenal,H,H,A Taylor,2022/2023,40.0,60.0,2,3,36.84,1.8,47.37,1.8,1.4,1.4,1.83,2.1,1.42,0,0
2023-08-21,E0,20:00,Crystal Palace,Arsenal,A,D,D Coote,2023/2024,0.0,0.0,2,3,63.16,0.0,52.63,0.0,1.0,1.0,2.14,1.8,1.95,0,0
2023-09-17,E0,16:30,Everton,Arsenal,A,D,S Hooper,2023/2024,0.0,0.0,1,4,36.84,0.0,52.63,0.0,1.0,1.0,1.92,2.1,1.16,0,0
2023-09-30,E0,15:00,Bournemouth,Arsenal,A,A,M Salisbury,2023/2024,25.0,33.33,1,8,63.16,0.0,52.63,0.25,1.75,2.0,1.7,2.3,1.42,0,1
2023-10-21,E0,17:30,Chelsea,Arsenal,D,H,C Kavanagh,2023/2024,40.0,50.0,5,3,63.16,0.5,52.63,1.2,1.0,2.0,2.19,1.85,2.32,0,1
2023-11-04,E0,17:30,Newcastle,Arsenal,H,D,S Attwell,2023/2024,40.0,40.0,2,1,68.42,0.6,52.63,1.8,0.4,1.6,2.24,1.7,2.58,0,0
2023-11-25,E0,17:30,Brentford,Arsenal,A,D,T Robinson,2023/2024,80.0,40.0,3,4,68.42,0.6,52.63,1.8,1.6,1.6,1.99,1.94,1.53,0,0
2023-12-05,E0,20:15,Luton,Arsenal,A,A,S Barrott,2023/2024,60.0,60.0,4,9,68.42,1.2,52.63,1.4,1.8,2.2,1.68,2.25,1.47,0,1
2023-12-09,E0,17:30,Aston Villa,Arsenal,H,H,J Gillett,2023/2024,60.0,40.0,3,5,78.95,1.4,52.63,2.4,0.6,1.4,1.86,2.08,2.53,0,0
2023-12-23,E0,17:30,Liverpool,Arsenal,D,D,C Kavanagh,2023/2024,60.0,20.0,3,2,68.42,1.2,52.63,2.2,0.8,1.2,1.71,2.3,2.58,0,0
2023-12-31,E0,14:00,Fulham,Arsenal,H,D,J Smith,2023/2024,80.0,40.0,4,3,63.16,1.4,52.63,3.0,1.0,1.4,1.88,2.05,1.63,0,1
2024-01-30,E0,19:30,Nott'm Forest,Arsenal,A,D,S Hooper,2023/2024,60.0,60.0,3,3,52.63,1.6,52.63,1.0,1.8,1.6,1.83,2.05,1.42,0,1
2024-02-11,E0,14:00,West Ham,Arsenal,A,A,C Pawson,2023/2024,40.0,60.0,1,12,52.63,1.0,52.63,1.2,1.4,2.0,1.92,2.02,1.63,0,1
2024-02-17,E0,15:00,Burnley,Arsenal,A,A,J Gillett,2023/2024,40.0,80.0,0,7,57.89,0.8,52.63,0.6,2.4,3.0,1.62,2.4,1.0,0,1
2024-03-04,E0,20:00,Sheffield United,Arsenal,A,A,S Barrott,2023/2024,100.0,100.0,0,10,84.21,0.6,52.63,0.8,4.2,4.0,1.56,2.4,1.0,0,1
2024-03-31,E0,16:30,Man City,Arsenal,D,D,A Taylor,2023/2024,20.0,80.0,1,2,57.89,0.2,52.63,1.4,0.4,3.8,1.94,2.0,2.68,0,0
2024-04-06,E0,17:30,Brighton,Arsenal,A,A,J Brooks,2023/2024,40.0,80.0,2,7,57.89,0.0,52.63,1.2,1.0,4.0,1.73,2.3,1.58,0,1
2024-04-20,E0,19:30,Wolves,Arsenal,A,A,P Tierney,2023/2024,40.0,60.0,3,9,63.16,0.0,52.63,0.8,1.4,3.2,1.62,2.38,1.37,0,0
2024-04-28,E0,14:00,Tottenham,Arsenal,A,A,M Oliver,2023/2024,100.0,60.0,2,3,84.21,0.4,52.63,2.2,1.6,2.8,1.55,2.5,2.0,0,1
2024-05-12,E0,16:30,Man United,Arsenal,A,A,P Tierney,2023/2024,40.0,40.0,2,5,68.42,0.4,52.63,1.8,1.2,1.8,1.4,3.0,1.63,0,0
2022-08-06,E0,15:00,Bournemouth,Aston Villa,H,H,P Bankes,2022/2023,0.0,0.0,3,2,47.37,2.0,36.84,2.0,0.0,0.0,2.24,1.72,1.05,0,0
2022-08-20,E0,15:00,Crystal Palace,Aston Villa,H,D,A Madley,2022/2023,50.0,50.0,9,5,42.11,2.5,36.84,1.5,1.5,0.5,2.34,1.66,1.11,0,1
2022-08-31,E0,19:30,Arsenal,Aston Villa,H,H,R Jones,2022/2023,100.0,66.67,9,3,89.47,2.33,36.84,2.67,1.33,0.67,1.75,2.2,2.79,0,1
2022-10-02,E0,16:30,Leeds,Aston Villa,D,D,S Attwell,2022/2023,50.0,50.0,1,7,63.16,1.75,36.84,1.5,0.5,0.5,1.93,1.99,1.37,1,0
2022-10-10,E0,20:00,Nott'm Forest,Aston Villa,D,D,A Taylor,2022/2023,40.0,40.0,3,2,36.84,1.6,36.84,1.2,1.8,0.6,1.96,1.96,1.42,0,0
2022-10-20,E0,19:30,Fulham,Aston Villa,H,H,M Oliver,2022/2023,100.0,60.0,8,6,73.68,1.8,36.84,2.2,1.8,0.6,1.98,1.93,1.63,0,1
2022-10-29,E0,15:00,Newcastle,Aston Villa,H,H,P Tierney,2022/2023,40.0,60.0,7,0,36.84,2.0,36.84,2.2,0.4,0.4,1.93,1.99,1.89,0,1
2022-11-13,E0,14:00,Brighton,Aston Villa,A,D,C Kavanagh,2022/2023,60.0,60.0,2,2,52.63,1.8,36.84,2.0,1.2,0.6,2.19,1.93,1.95,0,1
2023-01-01,E0,14:00,Tottenham,Aston Villa,A,D,J Brooks,2022/2023,60.0,60.0,2,4,57.89,1.8,36.84,1.6,1.8,1.0,1.72,2.3,1.95,0,0
2023-01-21,E0,15:00,Southampton,Aston Villa,A,D,M Salisbury,2022/2023,40.0,60.0,5,5,47.37,1.6,36.84,0.6,2.0,1.0,2.33,1.67,1.0,0,0
2023-02-12,E0,16:30,Man City,Aston Villa,H,H,R Jones,2022/2023,80.0,60.0,9,2,84.21,1.6,36.84,2.4,1.2,1.2,1.53,2.63,3.16,0,1
2023-02-25,E0,15:00,Everton,Aston Villa,A,D,A Taylor,2022/2023,40.0,40.0,5,5,42.11,0.8,36.84,0.8,1.6,1.6,2.5,1.57,0.84,0,0
2023-03-12,E0,14:00,West Ham,Aston Villa,D,D,C Kavanagh,2022/2023,20.0,20.0,6,4,36.84,0.8,36.84,1.6,0.8,1.4,2.23,1.73,1.37,0,0
2023-04-01,E0,17:30,Chelsea,Aston Villa,A,A,A Madley,2022/2023,20.0,20.0,8,2,36.84,0.8,36.84,0.6,1.0,1.4,2.05,1.92,1.05,0,0
2023-04-04,E0,19:45,Leicester,Aston Villa,A,D,G Scott,2022/2023,80.0,40.0,4,5,63.16,1.0,36.84,1.6,1.8,1.6,2.02,1.95,1.21,1,1
2023-04-22,E0,15:00,Brentford,Aston Villa,D,D,M Salisbury,2022/2023,40.0,20.0,5,2,47.37,0.6,36.84,1.4,1.4,1.6,2.17,1.73,1.84,0,0
2023-04-30,E0,14:00,Man United,Aston Villa,H,H,J Gillett,2022/2023,20.0,20.0,6,1,57.89,0.8,36.84,1.4,0.0,1.2,1.61,2.5,1.89,0,0
2023-05-06,E0,15:00,Wolves,Aston Villa,H,H,S Attwell,2022/2023,20.0,20.0,2,3,26.32,0.8,36.84,1.6,0.8,1.0,2.17,1.8,1.0,0,0
2023-05-20,E0,15:00,Liverpool,Aston Villa,D,A,J Brooks,2022/2023,40.0,20.0,5,3,52.63,1.0,36.84,2.0,1.2,0.8,1.52,2.75,2.42,0,0
2023-08-12,E0,17:30,Newcastle,Aston Villa,H,H,A Madley,2023/2024,100.0,100.0,13,6,68.42,5.0,63.16,5.0,1.0,1.0,1.73,2.2,2.58,0,1
2023-08-27,E0,14:00,Burnley,Aston Villa,A,A,M Salisbury,2023/2024,100.0,100.0,2,6,57.89,3.0,63.16,0.5,3.0,2.0,1.84,2.0,1.0,0,1
2023-09-03,E0,14:00,Liverpool,Aston Villa,H,H,S Hooper,2023/2024,100.0,100.0,4,3,68.42,3.0,63.16,3.0,0.5,1.33,1.43,3.0,2.58,0,1
2023-09-24,E0,14:00,Chelsea,Aston Villa,A,D,J Gillett,2023/2024,25.0,75.0,4,7,63.16,2.25,63.16,1.0,0.75,1.25,1.76,2.1,2.32,0,0
2023-10-08,E0,14:00,Wolves,Aston Villa,D,D,R Jones,2023/2024,75.0,60.0,3,4,63.16,2.0,63.16,1.25,2.25,1.2,1.88,2.06,1.37,1,0
2023-11-05,E0,14:00,Nott'm Forest,Aston Villa,H,H,J Gillett,2023/2024,40.0,40.0,3,3,52.63,1.4,63.16,1.6,1.0,1.0,1.85,2.1,1.42,0,0
2023-11-26,E0,14:00,Tottenham,Aston Villa,A,D,R Jones,2023/2024,80.0,40.0,8,5,84.21,1.4,63.16,1.6,1.6,0.8,1.61,2.4,2.0,0,1
2023-12-03,E0,14:00,Bournemouth,Aston Villa,D,D,T Bramall,2023/2024,80.0,40.0,7,3,63.16,1.2,63.16,1.4,1.8,1.2,1.58,2.6,1.42,0,1
2023-12-17,E0,14:00,Brentford,Aston Villa,A,H,D Coote,2023/2024,80.0,60.0,3,5,68.42,1.4,63.16,2.0,1.2,1.4,1.99,1.92,1.53,1,1
2023-12-26,E0,20:00,Man United,Aston Villa,H,A,C Pawson,2023/2024,80.0,80.0,7,4,68.42,1.8,63.16,1.2,1.8,1.6,1.62,2.35,1.63,0,1
2024-01-14,E0,14:00,Everton,Aston Villa,D,D,D Coote,2023/2024,60.0,80.0,2,5,36.84,1.4,63.16,1.2,1.2,1.6,1.77,2.1,1.16,0,0
2024-02-03,E0,17:30,Sheffield United,Aston Villa,A,A,P Tierney,2023/2024,60.0,80.0,5,10,84.21,1.2,63.16,1.0,2.4,2.2,1.7,2.2,1.0,0,1
2024-02-17,E0,15:00,Fulham,Aston Villa,A,A,L Smith,2023/2024,60.0,80.0,4,3,63.16,1.0,63.16,1.2,1.2,2.2,1.73,2.3,1.63,0,1
2024-03-02,E0,17:30,Luton,Aston Villa,A,A,M Oliver,2023/2024,100.0,80.0,5,8,68.42,1.2,63.16,2.0,2.2,2.4,1.47,2.7,1.47,0,1
2024-03-17,E0,14:00,West Ham,Aston Villa,D,H,J Gillett,2023/2024,60.0,60.0,5,5,52.63,0.8,63.16,1.6,2.4,2.2,1.63,2.35,1.63,0,0
2024-04-03,E0,20:15,Man City,Aston Villa,H,H,D England,2023/2024,40.0,80.0,11,3,57.89,1.6,63.16,1.8,0.6,2.4,1.48,2.75,2.68,0,1
2024-04-14,E0,16:30,Arsenal,Aston Villa,A,D,D Coote,2023/2024,60.0,60.0,4,2,73.68,1.6,63.16,2.2,1.0,1.8,1.49,3.0,2.53,0,0
2024-05-05,E0,14:00,Brighton,Aston Villa,H,D,R Jones,2023/2024,40.0,40.0,8,1,57.89,1.6,63.16,0.6,1.6,1.4,1.47,2.75,1.58,0,0
2024-05-19,E0,16:00,Crystal Palace,Aston Villa,H,H,D Bond,2023/2024,80.0,40.0,9,2,63.16,2.2,63.16,3.6,1.2,0.8,1.5,2.75,1.95,0,1
2024-08-17,E0,17:30,West Ham,Aston Villa,A,D,T Harrington,2024/2025,100.0,100.0,3,3,100.0,1.0,100.0,1.0,2.0,2.0,1.73,2.1,1.0,0,1
2022-08-13,E0,15:00,Man City,Bournemouth,H,H,D Coote,2022/2023,100.0,100.0,7,1,84.21,4.0,47.37,4.0,0.0,0.0,1.34,3.75,3.16,0,1
2022-08-27,E0,15:00,Liverpool,Bournemouth,H,H,S Attwell,2022/2023,50.0,100.0,12,2,52.63,6.5,47.37,5.0,0.5,0.0,1.43,3.5,2.42,0,1
2022-09-03,E0,15:00,Nott'm Forest,Bournemouth,A,H,M Oliver,2022/2023,33.33,100.0,3,3,36.84,5.0,47.37,1.0,1.67,1.0,2.35,1.72,1.42,0,1
2022-09-17,E0,15:00,Newcastle,Bournemouth,D,D,C Pawson,2022/2023,25.0,75.0,7,3,36.84,4.0,47.37,1.5,1.0,1.0,1.78,2.1,1.89,0,0
2022-10-15,E0,15:00,Fulham,Bournemouth,D,A,G Scott,2022/2023,100.0,80.0,4,6,73.68,3.6,47.37,2.0,2.2,1.2,2.09,1.98,1.63,0,1
2022-10-24,E0,20:00,West Ham,Bournemouth,H,H,D Coote,2022/2023,20.0,60.0,4,3,36.84,3.2,47.37,1.6,0.8,1.2,2.02,1.92,1.37,0,0
2022-11-05,E0,15:00,Leeds,Bournemouth,H,A,T Harrington,2022/2023,40.0,60.0,4,6,63.16,2.2,47.37,1.4,1.6,1.8,1.8,2.1,1.37,0,1
2022-12-27,E0,17:30,Chelsea,Bournemouth,H,H,S Hooper,2022/2023,40.0,40.0,5,4,36.84,2.2,47.37,1.6,0.6,1.2,1.7,2.3,1.05,0,0
2023-01-03,E0,20:00,Man United,Bournemouth,H,H,M Salisbury,2022/2023,40.0,60.0,6,4,57.89,2.6,47.37,1.8,0.0,1.0,1.59,2.38,1.89,0,1
2023-01-14,E0,17:30,Brentford,Bournemouth,H,H,J Gillett,2022/2023,40.0,40.0,4,2,47.37,2.6,47.37,1.6,0.8,0.6,1.98,1.94,1.84,0,0
2023-02-04,E0,15:00,Brighton,Bournemouth,H,D,C Pawson,2022/2023,80.0,40.0,6,2,52.63,2.4,47.37,2.2,1.4,0.6,1.67,2.3,1.95,0,0
2023-02-18,E0,15:00,Wolves,Bournemouth,A,D,M Salisbury,2022/2023,20.0,20.0,4,1,26.32,1.6,47.37,0.8,0.8,0.2,2.13,1.82,1.0,0,0
2023-03-04,E0,15:00,Arsenal,Bournemouth,H,A,C Kavanagh,2022/2023,80.0,40.0,9,4,89.47,1.8,47.37,2.4,1.6,0.6,1.6,2.5,2.79,0,1
2023-03-18,E0,15:00,Aston Villa,Bournemouth,H,H,R Jones,2022/2023,80.0,40.0,9,3,57.89,1.8,47.37,2.0,1.8,0.6,1.96,1.95,1.74,0,1
2023-04-08,E0,15:00,Leicester,Bournemouth,A,A,D Coote,2022/2023,60.0,40.0,4,7,63.16,1.4,47.37,1.2,1.6,0.8,2.02,1.93,1.21,0,0
2023-04-15,E0,15:00,Tottenham,Bournemouth,A,D,A Madley,2022/2023,60.0,60.0,8,6,57.89,1.6,47.37,2.2,1.0,1.4,1.8,2.1,1.95,0,1
2023-04-27,E0,19:45,Southampton,Bournemouth,A,D,D England,2022/2023,40.0,60.0,2,2,47.37,1.6,47.37,0.8,2.4,1.4,2.24,1.73,1.0,0,0
2023-05-13,E0,15:00,Crystal Palace,Bournemouth,H,H,M Salisbury,2022/2023,40.0,40.0,5,0,42.11,1.4,47.37,1.6,1.0,1.0,2.08,1.86,1.11,0,0
2023-05-28,E0,16:30,Everton,Bournemouth,H,D,S Attwell,2022/2023,60.0,20.0,6,2,42.11,1.0,47.37,0.8,2.2,1.0,1.85,2.1,0.84,0,0
2023-08-19,E0,15:00,Liverpool,Bournemouth,H,H,T Bramall,2023/2024,100.0,100.0,10,5,68.42,3.0,78.95,3.0,1.0,1.0,1.32,4.0,2.58,1,1
2023-09-02,E0,15:00,Brentford,Bournemouth,D,D,R Madley,2023/2024,66.67,100.0,7,5,68.42,2.5,78.95,1.67,1.67,1.5,1.85,2.0,1.53,0,1
2023-09-24,E0,14:00,Brighton,Bournemouth,H,D,J Brooks,2023/2024,100.0,100.0,4,4,57.89,2.67,78.95,2.75,1.5,1.33,1.48,2.75,1.58,0,1
2023-10-07,E0,15:00,Everton,Bournemouth,H,H,D Coote,2023/2024,40.0,100.0,8,4,36.84,2.75,78.95,0.8,1.0,1.0,1.9,2.04,1.16,0,1
2023-11-04,E0,15:00,Man City,Bournemouth,H,H,C Pawson,2023/2024,60.0,100.0,8,1,57.89,3.4,78.95,3.2,0.6,1.0,1.35,3.5,2.68,0,1
2023-11-25,E0,15:00,Sheffield United,Bournemouth,A,A,A Madley,2023/2024,100.0,100.0,2,11,84.21,3.0,78.95,1.2,3.2,1.4,2.01,1.96,1.0,0,1
2023-12-06,E0,19:30,Crystal Palace,Bournemouth,A,A,C Pawson,2023/2024,40.0,80.0,3,4,63.16,2.6,78.95,0.6,1.4,1.4,2.09,1.83,1.95,0,0
2023-12-09,E0,15:00,Man United,Bournemouth,A,A,P Bankes,2023/2024,80.0,80.0,3,4,68.42,2.0,78.95,1.0,1.6,1.8,1.5,2.6,1.63,0,1
2023-12-23,E0,15:00,Nott'm Forest,Bournemouth,A,D,R Jones,2023/2024,40.0,80.0,5,7,52.63,1.8,78.95,1.2,1.8,2.4,2.03,1.95,1.42,1,1
2023-12-31,E0,14:00,Tottenham,Bournemouth,H,H,S Hooper,2023/2024,100.0,80.0,6,4,84.21,1.2,78.95,2.2,1.4,2.4,1.36,3.5,2.0,0,1
2024-02-01,E0,19:30,West Ham,Bournemouth,D,A,T Robinson,2023/2024,20.0,60.0,3,4,52.63,1.2,78.95,1.4,0.4,2.0,1.81,2.05,1.63,0,0
2024-02-10,E0,15:00,Fulham,Bournemouth,H,H,D England,2023/2024,60.0,80.0,6,4,63.16,1.8,78.95,2.0,0.8,1.8,1.9,2.05,1.63,0,1
2024-02-17,E0,15:00,Newcastle,Bournemouth,D,D,M Salisbury,2023/2024,100.0,80.0,5,7,68.42,2.2,78.95,2.4,2.4,1.6,1.61,2.4,2.58,0,1
2024-03-03,E0,13:00,Burnley,Bournemouth,A,A,D Coote,2023/2024,40.0,60.0,6,3,57.89,1.8,78.95,0.6,2.4,1.4,1.71,2.15,1.0,0,0
2024-04-06,E0,15:00,Luton,Bournemouth,H,D,A Madley,2023/2024,80.0,60.0,9,1,68.42,1.6,78.95,1.4,2.0,1.4,1.59,2.5,1.47,0,1
2024-04-21,E0,15:00,Aston Villa,Bournemouth,H,D,T Robinson,2023/2024,80.0,80.0,4,6,78.95,2.0,78.95,2.4,2.0,1.4,1.51,2.63,2.53,0,1
2024-04-24,E0,19:45,Wolves,Bournemouth,A,A,S Attwell,2023/2024,40.0,60.0,4,6,63.16,1.4,78.95,0.8,1.2,1.4,1.71,2.2,1.37,0,0
2024-05-04,E0,12:30,Arsenal,Bournemouth,H,H,D Coote,2023/2024,60.0,60.0,9,2,73.68,1.6,78.95,2.4,0.6,1.0,1.35,3.4,2.53,0,1
2024-05-19,E0,16:00,Chelsea,Bournemouth,H,H,A Taylor,2023/2024,80.0,80.0,6,5,63.16,2.0,78.95,3.8,0.8,0.8,1.33,3.5,2.32,0,1
2024-08-17,E0,15:00,Nott'm Forest,Bournemouth,D,H,M Oliver,2024/2025,0.0,0.0,8,4,0.0,1.0,0.0,1.0,1.0,1.0,1.93,2.01,1.0,0,0
2022-08-07,E0,14:00,Leicester,Brentford,D,H,J Gillett,2022/2023,100.0,100.0,5,3,63.16,2.0,42.11,2.0,2.0,2.0,1.96,1.96,1.21,0,1
2022-08-20,E0,15:00,Fulham,Brentford,H,H,P Bankes,2022/2023,100.0,100.0,9,5,73.68,2.5,42.11,2.5,2.0,2.0,1.94,1.99,1.63,0,1
2022-08-30,E0,19:30,Crystal Palace,Brentford,D,D,S Hooper,2022/2023,33.33,66.67,4,3,42.11,2.0,42.11,1.33,1.33,1.67,2.05,1.92,1.11,0,0
2022-10-01,E0,15:00,Bournemouth,Brentford,D,D,T Bramall,2022/2023,25.0,50.0,1,4,47.37,1.5,42.11,0.5,0.75,1.25,1.98,1.94,1.05,0,0
2022-10-08,E0,15:00,Newcastle,Brentford,H,H,J Brooks,2022/2023,40.0,60.0,6,3,36.84,2.2,42.11,2.2,1.0,1.2,1.85,2.0,1.89,0,1
2022-10-23,E0,14:00,Aston Villa,Brentford,H,H,D England,2022/2023,20.0,60.0,11,3,57.89,2.6,42.11,1.2,0.8,0.8,2.12,1.93,1.74,0,1
2022-11-05,E0,15:00,Nott'm Forest,Brentford,D,D,A Marriner,2022/2023,60.0,60.0,7,2,36.84,2.4,42.11,1.6,1.8,0.8,2.33,1.66,1.42,0,1
2022-11-12,E0,12:30,Man City,Brentford,A,D,P Bankes,2022/2023,100.0,80.0,6,8,84.21,2.4,42.11,3.2,1.4,1.0,1.42,3.0,3.16,0,1
2022-12-30,E0,19:45,West Ham,Brentford,A,A,D England,2022/2023,40.0,80.0,5,6,36.84,2.4,42.11,1.2,1.4,1.4,1.92,2.03,1.37,0,0
2023-01-22,E0,14:00,Leeds,Brentford,D,D,P Bankes,2022/2023,80.0,60.0,5,0,63.16,1.4,42.11,1.8,2.2,1.2,1.85,2.0,1.37,0,0
2023-02-11,E0,15:00,Arsenal,Brentford,D,D,P Bankes,2022/2023,60.0,40.0,7,2,89.47,0.8,42.11,2.4,0.8,1.4,1.9,2.1,2.79,0,0
2023-03-11,E0,15:00,Everton,Brentford,H,H,S Hooper,2022/2023,20.0,20.0,6,4,42.11,0.6,42.11,0.8,0.8,1.0,2.61,1.53,0.84,0,0
2023-03-15,E0,19:30,Southampton,Brentford,A,A,M Salisbury,2022/2023,20.0,0.0,1,5,47.37,0.4,42.11,0.4,1.2,1.0,2.38,1.62,1.0,0,0
2023-04-01,E0,15:00,Brighton,Brentford,D,D,M Oliver,2022/2023,40.0,20.0,15,5,52.63,1.0,42.11,1.8,0.8,1.2,1.87,2.0,1.95,0,1
2023-04-05,E0,20:00,Man United,Brentford,H,H,J Brooks,2022/2023,60.0,20.0,3,1,57.89,1.2,42.11,1.6,0.6,1.2,1.67,2.3,1.89,0,0
2023-04-15,E0,15:00,Wolves,Brentford,H,H,P Tierney,2022/2023,20.0,20.0,9,3,26.32,1.4,42.11,1.2,1.0,1.0,2.35,1.67,1.0,0,0
2023-04-26,E0,19:45,Chelsea,Brentford,A,A,A Madley,2022/2023,40.0,20.0,4,1,36.84,1.2,42.11,0.6,1.6,1.4,2.2,1.73,1.05,0,0
2023-05-06,E0,17:30,Liverpool,Brentford,H,H,A Taylor,2022/2023,60.0,20.0,5,1,52.63,1.4,42.11,2.2,1.4,1.0,1.54,2.75,2.42,0,0
2023-05-20,E0,12:30,Tottenham,Brentford,A,H,J Gillett,2022/2023,80.0,20.0,8,4,57.89,1.0,42.11,1.6,1.8,1.0,1.82,2.1,1.95,0,1
2023-08-19,E0,15:00,Fulham,Brentford,A,A,D Bond,2023/2024,100.0,100.0,2,8,63.16,0.0,63.16,0.0,3.0,3.0,2.21,1.73,1.63,1,1
2023-09-16,E0,17:30,Newcastle,Brentford,H,D,C Pawson,2023/2024,66.67,50.0,2,2,68.42,0.5,63.16,2.33,1.0,1.5,1.84,2.1,2.58,0,0
2023-10-01,E0,14:00,Nott'm Forest,Brentford,D,D,P Tierney,2023/2024,33.33,33.33,1,5,52.63,0.67,63.16,1.33,1.0,1.33,2.46,1.73,1.42,1,0
2023-10-07,E0,15:00,Man United,Brentford,H,A,A Madley,2023/2024,60.0,50.0,8,3,68.42,1.0,63.16,1.4,1.4,1.25,1.75,2.25,1.63,0,1
2023-10-28,E0,12:30,Chelsea,Brentford,A,D,S Hooper,2023/2024,40.0,40.0,2,5,63.16,0.8,63.16,1.0,1.2,1.4,1.87,2.05,2.32,0,0
2023-11-12,E0,14:00,Liverpool,Brentford,H,H,P Tierney,2023/2024,80.0,40.0,10,3,68.42,1.4,63.16,2.8,0.2,0.8,1.48,2.7,2.58,0,1
2023-12-06,E0,19:30,Brighton,Brentford,H,D,P Bankes,2023/2024,60.0,60.0,7,2,57.89,1.6,63.16,1.8,1.2,1.0,1.68,2.25,1.58,0,1
2023-12-09,E0,15:00,Sheffield United,Brentford,H,H,S Attwell,2023/2024,60.0,60.0,4,4,84.21,1.6,63.16,1.0,1.6,0.8,2.12,1.95,1.0,0,0
2023-12-30,E0,15:00,Crystal Palace,Brentford,H,H,R Jones,2023/2024,60.0,60.0,6,4,63.16,1.8,63.16,1.4,1.8,0.8,2.4,1.6,1.95,0,1
2024-01-31,E0,19:30,Tottenham,Brentford,H,A,D Coote,2023/2024,100.0,80.0,5,5,84.21,2.4,63.16,2.6,1.4,0.8,1.49,2.7,2.0,0,1
2024-02-10,E0,15:00,Wolves,Brentford,A,A,S Hooper,2023/2024,60.0,60.0,5,6,63.16,1.8,63.16,1.8,1.6,1.2,1.85,2.06,1.37,0,0
2024-02-20,E0,19:30,Man City,Brentford,H,D,D England,2023/2024,20.0,40.0,11,2,57.89,1.6,63.16,1.8,0.4,1.0,1.4,3.1,2.68,0,0
2024-02-26,E0,20:00,West Ham,Brentford,H,H,S Hooper,2023/2024,40.0,60.0,6,8,52.63,2.2,63.16,1.4,1.8,1.4,1.85,2.05,1.63,0,1
2024-03-09,E0,17:30,Arsenal,Brentford,H,D,R Jones,2023/2024,80.0,60.0,6,4,73.68,2.0,63.16,2.8,1.0,1.4,1.48,2.88,2.53,0,1
2024-03-16,E0,15:00,Burnley,Brentford,H,H,D Bond,2023/2024,60.0,60.0,6,5,57.89,1.8,63.16,1.0,2.2,1.2,1.78,2.1,1.0,0,1
2024-04-06,E0,15:00,Aston Villa,Brentford,D,H,M Salisbury,2023/2024,80.0,80.0,3,3,78.95,2.4,63.16,2.0,2.2,1.4,1.63,2.38,2.53,0,1
2024-04-20,E0,15:00,Luton,Brentford,A,A,J Gillett,2023/2024,80.0,100.0,3,9,68.42,2.4,63.16,1.4,2.4,2.4,1.78,2.1,1.47,0,1
2024-04-27,E0,17:30,Everton,Brentford,H,D,D England,2023/2024,20.0,80.0,1,4,36.84,1.8,63.16,1.4,0.6,2.0,1.95,2.01,1.16,0,0
2024-05-11,E0,15:00,Bournemouth,Brentford,A,D,M Donohue,2023/2024,80.0,80.0,4,5,63.16,1.6,63.16,1.8,1.0,2.2,1.5,2.63,1.42,0,1
2022-08-07,E0,14:00,Man United,Brighton,A,A,P Tierney,2022/2023,100.0,100.0,5,4,57.89,1.0,78.95,1.0,2.0,2.0,1.96,2.01,1.89,0,1
2022-08-21,E0,14:00,West Ham,Brighton,A,A,A Taylor,2022/2023,0.0,50.0,3,2,36.84,0.5,78.95,0.0,2.0,2.0,2.12,1.91,1.37,0,0
2022-08-30,E0,19:30,Fulham,Brighton,H,D,T Bramall,2022/2023,100.0,66.67,3,4,73.68,1.0,78.95,2.33,1.67,1.67,2.25,1.66,1.63,0,1
2022-10-01,E0,15:00,Liverpool,Brighton,D,A,A Madley,2022/2023,75.0,75.0,7,6,52.63,1.5,78.95,3.75,1.25,2.0,1.64,2.37,2.42,0,1
2022-10-14,E0,20:00,Brentford,Brighton,H,H,M Salisbury,2022/2023,60.0,60.0,3,7,47.37,1.6,78.95,2.4,1.2,1.6,2.12,1.99,1.84,0,0
2022-10-22,E0,15:00,Man City,Brighton,H,H,C Pawson,2022/2023,100.0,60.0,4,2,84.21,2.0,78.95,4.6,1.2,1.4,1.53,2.62,3.16,0,1
2022-11-05,E0,15:00,Wolves,Brighton,A,D,G Scott,2022/2023,60.0,80.0,5,8,26.32,2.4,78.95,0.8,2.0,1.6,2.35,1.66,1.0,1,1
2022-12-26,E0,15:00,Southampton,Brighton,A,A,R Jones,2022/2023,60.0,80.0,4,4,47.37,2.2,78.95,1.0,2.2,2.0,2.12,1.88,1.0,0,1
2023-01-03,E0,19:45,Everton,Brighton,A,A,A Marriner,2022/2023,80.0,80.0,4,8,42.11,1.8,78.95,1.2,2.0,2.2,2.38,1.67,0.84,0,1
2023-01-21,E0,15:00,Leicester,Brighton,D,D,T Bramall,2022/2023,40.0,100.0,2,4,63.16,1.8,78.95,0.8,1.4,2.6,1.87,2.1,1.21,0,1
2023-02-11,E0,15:00,Crystal Palace,Brighton,D,D,M Oliver,2022/2023,40.0,80.0,1,7,42.11,1.4,78.95,0.4,1.8,2.6,2.24,1.73,1.11,0,0
2023-03-11,E0,15:00,Leeds,Brighton,D,D,P Tierney,2022/2023,40.0,80.0,4,2,63.16,1.4,78.95,1.0,1.2,2.4,1.96,1.98,1.37,0,1
2023-04-04,E0,19:45,Bournemouth,Brighton,A,A,D Bond,2022/2023,40.0,60.0,3,6,47.37,1.2,78.95,1.0,1.6,2.2,1.92,2.1,1.05,0,0
2023-04-08,E0,15:00,Tottenham,Brighton,H,D,S Attwell,2022/2023,40.0,60.0,3,4,57.89,1.4,78.95,2.0,0.4,1.6,1.95,2.07,1.95,0,1
2023-04-15,E0,15:00,Chelsea,Brighton,A,D,R Jones,2022/2023,40.0,60.0,2,10,36.84,1.2,78.95,0.8,1.2,1.6,2.05,1.88,1.05,0,1
2023-04-26,E0,19:30,Nott'm Forest,Brighton,H,D,J Gillett,2022/2023,60.0,80.0,5,7,36.84,1.6,78.95,1.4,1.6,1.6,1.8,2.1,1.42,0,1
2023-05-14,E0,16:30,Arsenal,Brighton,A,D,A Madley,2022/2023,100.0,80.0,2,6,89.47,1.2,78.95,2.8,1.8,1.8,1.51,2.75,2.79,0,1
2023-05-18,E0,19:30,Newcastle,Brighton,H,H,R Jones,2022/2023,60.0,100.0,9,2,36.84,2.0,78.95,3.0,1.0,1.6,1.57,2.5,1.89,0,1
2023-05-28,E0,16:30,Aston Villa,Brighton,H,H,D Coote,2022/2023,60.0,100.0,5,4,57.89,2.0,78.95,2.0,0.4,1.6,1.53,2.63,1.74,0,1
2023-08-19,E0,15:00,Wolves,Brighton,A,A,A Madley,2023/2024,100.0,100.0,5,8,63.16,1.0,63.16,1.0,4.0,4.0,1.61,2.5,1.37,1,1
2023-09-16,E0,15:00,Man United,Brighton,A,A,J Gillett,2023/2024,66.67,100.0,4,8,68.42,1.0,63.16,1.67,1.67,3.5,1.49,2.75,1.63,0,1
2023-09-30,E0,12:30,Aston Villa,Brighton,H,H,A Madley,2023/2024,100.0,100.0,9,3,78.95,2.67,63.16,4.33,0.67,2.67,1.52,2.63,2.53,0,1
2023-10-21,E0,15:00,Man City,Brighton,H,H,R Jones,2023/2024,50.0,100.0,6,3,57.89,2.5,63.16,2.5,0.5,2.25,1.43,3.4,2.68,1,1
2023-11-04,E0,15:00,Everton,Brighton,D,H,T Robinson,2023/2024,40.0,80.0,4,2,36.84,2.2,63.16,1.0,1.0,2.0,1.78,2.1,1.16,0,0
2023-11-25,E0,15:00,Nott'm Forest,Brighton,A,A,A Taylor,2023/2024,40.0,80.0,5,5,52.63,2.4,63.16,1.6,1.4,1.8,2.02,1.98,1.42,0,1
2023-12-03,E0,14:00,Chelsea,Brighton,H,H,C Pawson,2023/2024,60.0,80.0,5,9,63.16,2.8,63.16,1.8,2.2,1.6,1.7,2.2,2.32,1,1
2023-12-17,E0,14:00,Arsenal,Brighton,H,D,T Robinson,2023/2024,60.0,60.0,9,1,73.68,2.0,63.16,2.6,0.4,1.4,1.71,2.35,2.53,0,0
2023-12-21,E0,20:00,Crystal Palace,Brighton,D,H,J Brooks,2023/2024,60.0,40.0,3,6,63.16,1.8,63.16,1.0,2.0,1.4,2.17,1.7,1.95,0,0
2024-01-02,E0,19:30,West Ham,Brighton,D,D,S Barrott,2023/2024,40.0,40.0,2,8,52.63,1.6,63.16,1.8,0.6,1.2,1.74,2.1,1.63,0,0
2024-01-30,E0,19:45,Luton,Brighton,H,H,R Jones,2023/2024,80.0,40.0,8,2,68.42,2.0,63.16,2.2,1.8,0.6,1.71,2.15,1.47,0,1
2024-02-10,E0,15:00,Tottenham,Brighton,H,A,S Barrott,2023/2024,100.0,40.0,6,3,84.21,1.8,63.16,2.8,1.2,0.4,1.36,3.4,2.0,0,1
2024-02-18,E0,14:00,Sheffield United,Brighton,A,A,S Attwell,2023/2024,80.0,60.0,1,10,84.21,1.4,63.16,1.0,3.0,1.4,1.62,2.35,1.0,1,1
2024-03-02,E0,15:00,Fulham,Brighton,H,H,S Hooper,2023/2024,80.0,80.0,5,5,63.16,1.8,63.16,1.8,0.8,1.2,1.91,2.01,1.63,0,1
2024-03-31,E0,14:00,Liverpool,Brighton,H,D,D Coote,2023/2024,80.0,100.0,8,3,68.42,2.2,63.16,2.8,1.0,1.4,1.33,3.5,2.58,0,1
2024-04-03,E0,19:30,Brentford,Brighton,D,D,A Madley,2023/2024,60.0,80.0,2,6,68.42,1.4,63.16,1.0,2.0,1.4,1.61,2.38,1.53,0,0
2024-04-13,E0,15:00,Burnley,Brighton,D,D,S Hooper,2023/2024,40.0,60.0,3,8,57.89,1.2,63.16,0.8,2.0,1.4,1.61,2.5,1.0,0,0
2024-04-28,E0,14:00,Bournemouth,Brighton,H,H,P Tierney,2023/2024,80.0,60.0,6,1,63.16,1.8,63.16,2.4,1.2,0.4,1.42,3.0,1.42,0,1
2024-05-11,E0,15:00,Newcastle,Brighton,D,D,D England,2023/2024,60.0,40.0,7,4,68.42,1.4,63.16,3.0,1.2,0.6,1.41,3.2,2.58,0,0
2024-08-17,E0,15:00,Everton,Brighton,A,A,S Hooper,2024/2025,100.0,100.0,1,5,100.0,0.0,100.0,0.0,3.0,3.0,1.95,1.97,0.0,1,1
2023-09-18,E0,19:45,Nott'm Forest,Burnley,D,A,R Jones,2023/2024,50.0,0.0,4,3,52.63,1.0,63.16,1.5,1.0,1.0,2.1,1.84,1.42,0,0
2023-09-30,E0,15:00,Newcastle,Burnley,H,H,T Bramall,2023/2024,50.0,0.0,8,2,68.42,1.5,63.16,2.25,0.75,0.5,1.78,2.2,2.58,0,0
2023-10-03,E0,19:30,Luton,Burnley,A,A,P Bankes,2023/2024,66.67,33.33,3,4,68.42,1.33,63.16,1.0,1.67,1.0,2.35,1.65,1.47,0,1
2023-10-21,E0,15:00,Brentford,Burnley,H,H,J Smith,2023/2024,80.0,50.0,10,1,68.42,1.75,63.16,1.8,1.6,0.75,2.0,1.98,1.53,0,1
2023-10-28,E0,15:00,Bournemouth,Burnley,H,D,S Barrott,2023/2024,60.0,60.0,6,3,63.16,1.8,63.16,0.6,1.8,0.8,1.9,2.03,1.42,0,1
2023-11-11,E0,15:00,Arsenal,Burnley,H,H,M Oliver,2023/2024,80.0,80.0,6,5,73.68,2.2,63.16,2.8,0.8,0.8,1.75,2.25,2.53,1,1
2023-12-05,E0,19:30,Wolves,Burnley,H,H,J Gillett,2023/2024,60.0,80.0,4,3,63.16,2.0,63.16,1.6,1.0,0.8,2.03,1.92,1.37,0,0
2023-12-09,E0,15:00,Brighton,Burnley,D,A,S Hooper,2023/2024,40.0,60.0,11,3,57.89,2.0,63.16,1.4,1.2,0.6,1.75,2.15,1.58,0,0
2023-12-23,E0,15:00,Fulham,Burnley,A,D,R Welch,2023/2024,60.0,40.0,5,2,63.16,1.4,63.16,2.6,1.0,1.0,2.03,1.93,1.63,0,0
2023-12-30,E0,15:00,Aston Villa,Burnley,H,H,S Attwell,2023/2024,40.0,40.0,7,5,78.95,1.6,63.16,1.8,0.8,1.2,1.55,2.5,2.53,0,1
2024-01-31,E0,19:30,Man City,Burnley,H,H,S Barrott,2023/2024,60.0,40.0,4,3,57.89,1.6,63.16,2.2,1.4,1.2,1.35,3.4,2.68,0,1
2024-02-10,E0,15:00,Liverpool,Burnley,H,D,T Robinson,2023/2024,60.0,60.0,10,4,68.42,2.0,63.16,2.4,1.0,1.4,1.35,3.5,2.58,0,1
2024-02-24,E0,15:00,Crystal Palace,Burnley,H,D,L Smith,2023/2024,80.0,80.0,6,0,63.16,2.4,63.16,2.2,1.4,1.2,2.27,1.7,1.95,0,1
2024-03-10,E0,14:00,West Ham,Burnley,D,A,D England,2023/2024,60.0,100.0,4,4,52.63,2.8,63.16,1.4,2.2,1.2,1.9,2.05,1.63,0,1
2024-03-30,E0,15:00,Chelsea,Burnley,D,H,D England,2023/2024,80.0,100.0,13,7,63.16,2.6,63.16,2.0,1.8,1.2,1.44,3.1,2.32,0,1
2024-04-06,E0,15:00,Everton,Burnley,H,H,M Oliver,2023/2024,40.0,80.0,3,1,36.84,2.2,63.16,1.0,1.2,1.0,1.85,2.0,1.16,0,0
2024-04-20,E0,15:00,Sheffield United,Burnley,A,A,A Madley,2023/2024,100.0,80.0,11,9,84.21,1.8,63.16,1.2,4.0,1.6,1.81,2.1,1.0,0,1
2024-04-27,E0,15:00,Man United,Burnley,D,D,J Brooks,2023/2024,60.0,60.0,10,7,68.42,1.4,63.16,2.0,1.4,1.8,1.41,3.75,1.63,0,0
2024-05-11,E0,15:00,Tottenham,Burnley,H,D,J Gillett,2023/2024,100.0,60.0,9,3,84.21,1.4,63.16,2.4,1.4,1.6,1.25,4.33,2.0,0,1
2022-08-06,E0,17:30,Everton,Chelsea,A,A,C Pawson,2022/2023,0.0,0.0,4,6,42.11,0.0,47.37,0.0,1.0,1.0,2.18,1.72,0.84,0,0
2022-08-21,E0,14:00,Leeds,Chelsea,H,H,S Attwell,2022/2023,100.0,50.0,6,3,63.16,1.5,47.37,2.5,0.5,0.5,1.67,2.3,1.37,0,1
2022-08-30,E0,19:45,Southampton,Chelsea,H,H,M Oliver,2022/2023,66.67,66.67,7,4,47.37,1.67,47.37,1.33,1.33,0.67,1.83,2.1,1.0,0,1
2022-10-01,E0,15:00,Crystal Palace,Chelsea,A,D,C Kavanagh,2022/2023,50.0,75.0,3,3,42.11,1.5,47.37,1.25,1.5,1.0,2.1,1.92,1.11,0,1
2022-10-16,E0,14:00,Aston Villa,Chelsea,A,A,R Jones,2022/2023,20.0,60.0,7,4,57.89,1.2,47.37,0.8,1.0,1.2,2.16,1.8,1.74,0,0
2022-10-19,E0,19:30,Brentford,Chelsea,D,D,J Gillett,2022/2023,40.0,60.0,5,5,47.37,1.2,47.37,1.6,1.2,1.0,1.99,1.93,1.84,0,0
2022-10-29,E0,15:00,Brighton,Chelsea,H,H,A Madley,2022/2023,40.0,60.0,9,7,52.63,1.4,47.37,2.0,0.8,1.2,2.1,1.85,1.95,0,1
2022-11-12,E0,17:30,Newcastle,Chelsea,H,D,R Jones,2022/2023,40.0,40.0,3,2,36.84,1.2,47.37,2.4,0.4,1.0,2.18,1.72,1.89,0,0
2023-01-01,E0,16:30,Nott'm Forest,Chelsea,D,A,P Bankes,2022/2023,20.0,20.0,5,2,36.84,1.2,47.37,1.2,0.8,0.8,1.96,1.99,1.42,0,0
2023-01-12,E0,20:00,Fulham,Chelsea,H,H,D Coote,2022/2023,80.0,40.0,3,10,73.68,1.6,47.37,1.6,0.8,0.6,2.31,1.67,1.63,0,1
2023-01-21,E0,12:30,Liverpool,Chelsea,D,D,M Oliver,2022/2023,60.0,40.0,3,2,52.63,1.6,47.37,1.4,0.8,0.6,1.99,2.0,2.42,0,0
2023-02-11,E0,12:30,West Ham,Chelsea,D,D,C Pawson,2022/2023,20.0,20.0,2,4,36.84,1.0,47.37,0.8,1.4,0.6,2.27,1.73,1.37,0,0
2023-02-26,E0,13:30,Tottenham,Chelsea,H,D,S Attwell,2022/2023,0.0,20.0,3,2,57.89,1.2,47.37,1.0,0.8,0.6,2.12,1.84,1.95,0,0
2023-03-11,E0,15:00,Leicester,Chelsea,A,A,A Marriner,2022/2023,60.0,40.0,7,6,63.16,1.2,47.37,1.4,1.6,1.0,2.01,1.95,1.21,1,1
2023-04-08,E0,15:00,Wolves,Chelsea,H,H,P Bankes,2022/2023,40.0,20.0,4,1,26.32,1.0,47.37,1.4,1.0,0.8,2.38,1.73,1.0,0,0
2023-05-02,E0,20:00,Arsenal,Chelsea,H,H,R Jones,2022/2023,100.0,40.0,10,4,89.47,1.6,47.37,3.4,1.6,1.0,1.88,2.2,2.79,0,1
2023-05-06,E0,15:00,Bournemouth,Chelsea,A,D,J Brooks,2022/2023,80.0,60.0,4,5,47.37,1.6,47.37,1.4,2.2,1.4,1.95,1.99,1.05,0,1
2023-05-21,E0,16:00,Man City,Chelsea,H,H,M Oliver,2022/2023,80.0,60.0,2,6,84.21,1.4,47.37,2.6,0.6,1.4,2.07,1.86,3.16,0,0
2023-05-25,E0,20:00,Man United,Chelsea,H,H,S Attwell,2022/2023,20.0,60.0,9,5,57.89,2.0,47.37,2.0,0.2,1.0,1.72,2.3,1.89,0,1
2023-08-20,E0,16:30,West Ham,Chelsea,H,D,J Brooks,2023/2024,100.0,100.0,6,4,52.63,3.0,78.95,3.0,1.0,1.0,1.93,2.1,1.63,1,1
2023-09-17,E0,14:00,Bournemouth,Chelsea,D,D,D Coote,2023/2024,0.0,50.0,4,6,63.16,1.5,78.95,0.33,1.0,0.5,1.77,2.1,1.42,0,0
2023-10-02,E0,20:00,Fulham,Chelsea,A,A,T Robinson,2023/2024,33.33,33.33,3,4,63.16,1.0,78.95,0.33,1.67,1.0,2.08,1.89,1.63,0,0
2023-10-07,E0,15:00,Burnley,Chelsea,A,D,S Attwell,2023/2024,80.0,50.0,3,5,57.89,1.0,78.95,0.8,3.2,1.75,1.96,2.05,1.0,0,1
2023-11-06,E0,20:00,Tottenham,Chelsea,A,D,M Oliver,2023/2024,60.0,60.0,5,8,84.21,1.0,78.95,1.8,1.2,2.2,1.77,2.15,2.0,2,1
2023-11-25,E0,15:00,Newcastle,Chelsea,H,D,S Hooper,2023/2024,40.0,60.0,5,4,68.42,1.2,78.95,2.4,0.2,2.2,1.83,2.1,2.58,0,1
2023-12-06,E0,20:15,Man United,Chelsea,H,D,C Kavanagh,2023/2024,60.0,80.0,9,3,68.42,1.6,78.95,1.0,1.2,2.4,1.68,2.25,1.63,0,1
2023-12-10,E0,14:00,Everton,Chelsea,H,D,M Oliver,2023/2024,60.0,80.0,5,4,36.84,2.0,78.95,1.8,0.8,2.0,1.99,1.99,1.16,0,0
2023-12-24,E0,13:00,Wolves,Chelsea,H,D,D Coote,2023/2024,60.0,80.0,6,5,63.16,2.2,78.95,1.6,1.0,1.4,1.84,2.05,1.37,0,1
2023-12-30,E0,12:30,Luton,Chelsea,A,A,P Tierney,2023/2024,80.0,80.0,6,8,68.42,2.4,78.95,1.8,2.0,1.2,1.64,2.35,1.47,0,1
2024-01-31,E0,20:15,Liverpool,Chelsea,H,H,P Tierney,2023/2024,60.0,80.0,13,3,68.42,2.4,78.95,2.6,1.4,1.2,1.57,2.6,2.58,0,1
2024-02-12,E0,20:00,Crystal Palace,Chelsea,A,H,M Oliver,2023/2024,80.0,80.0,4,5,63.16,2.2,78.95,1.8,1.8,1.6,1.9,2.04,1.95,0,1
2024-02-17,E0,17:30,Man City,Chelsea,D,A,A Madley,2023/2024,40.0,80.0,5,6,57.89,2.0,78.95,2.0,0.8,1.8,1.39,3.4,2.68,0,0
2024-03-02,E0,15:00,Brentford,Chelsea,D,A,J Gillett,2023/2024,100.0,80.0,5,6,68.42,2.0,78.95,1.6,3.0,2.0,1.67,2.25,1.53,0,1
2024-04-07,E0,17:30,Sheffield United,Chelsea,D,D,R Jones,2023/2024,100.0,80.0,6,3,84.21,2.0,78.95,1.0,4.2,1.8,1.43,3.0,1.0,0,1
2024-04-23,E0,20:00,Arsenal,Chelsea,H,H,S Hooper,2023/2024,60.0,80.0,10,1,73.68,2.2,78.95,2.6,0.8,1.6,1.6,2.38,2.53,0,1
2024-04-27,E0,20:00,Aston Villa,Chelsea,D,H,C Pawson,2023/2024,80.0,80.0,4,5,78.95,2.4,78.95,2.0,2.0,1.4,1.47,2.75,2.53,0,1
2024-05-11,E0,17:30,Nott'm Forest,Chelsea,A,D,T Harrington,2023/2024,60.0,100.0,4,5,52.63,2.6,78.95,1.6,1.8,1.8,1.65,2.3,1.42,0,1
2024-05-15,E0,19:45,Brighton,Chelsea,A,A,M Salisbury,2023/2024,60.0,100.0,2,6,57.89,2.4,78.95,0.6,1.8,1.8,1.38,3.2,1.58,0,1
2022-08-15,E0,20:00,Liverpool,Crystal Palace,D,A,P Tierney,2022/2023,0.0,0.0,4,3,52.63,1.0,36.84,1.0,1.0,1.0,1.63,2.37,2.42,1,0
2022-08-27,E0,15:00,Man City,Crystal Palace,H,A,D England,2022/2023,100.0,50.0,5,2,84.21,2.5,36.84,4.0,1.0,1.5,1.52,2.62,3.16,0,1
2022-09-03,E0,15:00,Newcastle,Crystal Palace,D,D,M Salisbury,2022/2023,33.33,33.33,6,9,36.84,1.67,36.84,1.67,1.0,1.0,2.24,1.72,1.89,0,0
2022-10-15,E0,12:30,Leicester,Crystal Palace,D,D,A Madley,2022/2023,60.0,25.0,5,1,63.16,1.25,36.84,1.4,1.0,0.75,1.91,2.03,1.21,0,0
2022-10-22,E0,15:00,Everton,Crystal Palace,H,H,S Hooper,2022/2023,40.0,40.0,6,2,42.11,1.6,36.84,1.2,0.6,0.6,2.37,1.61,0.84,0,1
2022-11-06,E0,14:00,West Ham,Crystal Palace,A,D,P Tierney,2022/2023,40.0,60.0,2,6,36.84,1.6,36.84,1.8,0.8,0.8,2.16,1.72,1.37,0,1
2022-11-12,E0,15:00,Nott'm Forest,Crystal Palace,H,D,J Brooks,2022/2023,40.0,40.0,2,0,36.84,1.0,36.84,1.4,1.2,0.4,2.36,1.61,1.42,0,0
2022-12-31,E0,15:00,Bournemouth,Crystal Palace,A,A,A Marriner,2022/2023,60.0,40.0,2,6,47.37,1.0,36.84,1.4,1.4,0.8,2.35,1.62,1.05,0,0
2023-01-15,E0,14:00,Chelsea,Crystal Palace,H,D,P Bankes,2022/2023,0.0,40.0,5,5,36.84,1.2,36.84,0.8,0.6,0.8,2.38,1.67,1.05,0,0
2023-02-04,E0,15:00,Man United,Crystal Palace,H,H,A Marriner,2022/2023,80.0,40.0,5,3,57.89,1.0,36.84,2.2,0.4,1.0,1.84,2.1,1.89,1,1
2023-02-18,E0,15:00,Brentford,Crystal Palace,D,D,P Tierney,2022/2023,60.0,20.0,5,4,47.37,1.0,36.84,2.2,0.8,0.8,2.28,1.67,1.84,0,0
2023-03-04,E0,15:00,Aston Villa,Crystal Palace,H,H,C Pawson,2022/2023,60.0,20.0,1,0,57.89,1.0,36.84,1.6,2.0,0.8,2.33,1.67,1.74,0,0
2023-03-15,E0,19:30,Brighton,Crystal Palace,H,H,P Bankes,2022/2023,40.0,20.0,5,3,52.63,1.2,36.84,1.8,0.2,0.4,1.91,2.1,1.95,0,0
2023-03-19,E0,14:00,Arsenal,Crystal Palace,H,H,S Attwell,2022/2023,80.0,40.0,5,4,89.47,1.8,36.84,2.6,1.4,0.6,1.77,2.2,2.79,0,1
2023-04-09,E0,14:00,Leeds,Crystal Palace,A,D,S Hooper,2022/2023,60.0,40.0,7,8,63.16,1.6,36.84,1.2,2.0,1.4,2.12,1.79,1.37,0,1
2023-04-15,E0,15:00,Southampton,Crystal Palace,A,D,M Oliver,2022/2023,40.0,40.0,4,2,47.37,1.4,36.84,1.0,2.2,1.6,2.53,1.57,1.0,0,0
2023-04-25,E0,19:30,Wolves,Crystal Palace,H,H,R Jones,2022/2023,20.0,40.0,3,4,26.32,1.6,36.84,1.6,0.8,1.6,2.87,1.44,1.0,0,0
2023-05-06,E0,15:00,Tottenham,Crystal Palace,H,H,D England,2022/2023,80.0,40.0,3,2,57.89,1.6,36.84,2.0,1.4,1.6,1.89,2.04,1.95,0,0
2023-05-20,E0,15:00,Fulham,Crystal Palace,D,D,J Smith,2022/2023,80.0,40.0,4,5,73.68,1.2,36.84,2.0,1.8,1.8,2.38,1.62,1.63,0,1
2023-08-12,E0,15:00,Sheffield United,Crystal Palace,A,D,J Brooks,2023/2024,0.0,0.0,1,8,84.21,0.0,47.37,0.0,1.0,1.0,2.65,1.53,1.0,0,0
2023-08-26,E0,15:00,Brentford,Crystal Palace,D,H,P Bankes,2023/2024,50.0,0.0,1,5,68.42,0.5,47.37,1.5,1.5,1.0,2.34,1.67,1.53,0,0
2023-09-16,E0,15:00,Aston Villa,Crystal Palace,H,D,D England,2023/2024,100.0,33.33,5,3,78.95,1.33,47.37,3.5,0.5,1.0,1.95,1.97,2.53,0,1
2023-09-30,E0,15:00,Man United,Crystal Palace,A,A,C Kavanagh,2023/2024,50.0,25.0,4,2,68.42,1.0,47.37,1.25,1.5,1.0,1.91,2.08,1.63,0,0
2023-10-21,E0,15:00,Newcastle,Crystal Palace,H,H,T Robinson,2023/2024,60.0,40.0,7,3,68.42,1.6,47.37,2.6,0.6,0.8,2.05,1.89,2.58,0,1
2023-11-04,E0,15:00,Burnley,Crystal Palace,A,A,P Bankes,2023/2024,60.0,40.0,5,3,57.89,1.6,47.37,0.8,3.0,1.0,2.51,1.57,1.0,0,0
2023-11-25,E0,15:00,Luton,Crystal Palace,H,D,J Gillett,2023/2024,40.0,60.0,3,8,68.42,1.8,47.37,1.0,1.2,1.0,2.38,1.62,1.47,0,1
2023-12-03,E0,14:00,West Ham,Crystal Palace,D,H,M Oliver,2023/2024,40.0,40.0,3,2,52.63,1.4,47.37,1.6,1.2,1.0,2.2,1.73,1.63,0,0
2023-12-16,E0,15:00,Man City,Crystal Palace,D,H,P Tierney,2023/2024,80.0,60.0,9,2,57.89,1.8,47.37,2.8,1.6,1.2,1.82,2.08,2.68,0,1
2023-12-27,E0,19:30,Chelsea,Crystal Palace,H,D,M Salisbury,2023/2024,60.0,60.0,4,5,63.16,1.4,47.37,2.2,1.8,1.4,2.0,1.91,2.32,0,1
2024-01-20,E0,12:30,Arsenal,Crystal Palace,H,H,P Tierney,2023/2024,60.0,80.0,6,5,73.68,2.4,47.37,2.4,0.8,1.0,1.78,2.1,2.53,0,1
2024-02-03,E0,15:00,Brighton,Crystal Palace,H,H,S Hooper,2023/2024,60.0,80.0,6,5,57.89,2.8,47.37,2.2,1.0,1.0,2.1,1.84,1.58,0,1
2024-02-19,E0,20:00,Everton,Crystal Palace,D,D,P Tierney,2023/2024,40.0,80.0,4,4,36.84,2.8,47.37,1.2,1.2,1.0,2.43,1.6,1.16,0,0
2024-03-02,E0,15:00,Tottenham,Crystal Palace,H,D,J Brooks,2023/2024,100.0,80.0,6,1,84.21,3.0,47.37,2.4,1.4,0.8,1.56,2.6,2.0,0,1
2024-03-30,E0,15:00,Nott'm Forest,Crystal Palace,D,A,C Kavanagh,2023/2024,40.0,60.0,5,3,52.63,2.8,47.37,1.2,1.4,0.8,2.13,1.82,1.42,0,0
2024-04-02,E0,19:45,Bournemouth,Crystal Palace,H,D,G Scott,2023/2024,60.0,40.0,6,2,63.16,2.0,47.37,1.8,1.4,0.8,1.82,2.1,1.42,0,0
2024-04-14,E0,14:00,Liverpool,Crystal Palace,A,A,C Kavanagh,2023/2024,60.0,20.0,6,5,68.42,1.2,47.37,2.0,1.0,0.8,1.33,3.5,2.58,0,0
2024-04-27,E0,15:00,Fulham,Crystal Palace,D,D,S Attwell,2023/2024,60.0,20.0,2,4,63.16,1.2,47.37,1.6,1.0,0.8,2.0,1.92,1.63,0,0
2024-05-11,E0,15:00,Wolves,Crystal Palace,A,A,T Bramall,2023/2024,60.0,20.0,7,3,63.16,0.8,47.37,0.8,1.8,1.2,1.88,2.0,1.37,0,1
2024-08-18,E0,14:00,Brentford,Crystal Palace,H,H,S Barrott,2024/2025,100.0,100.0,5,6,100.0,2.0,100.0,2.0,1.0,1.0,2.09,1.83,2.0,0,1
2022-08-13,E0,12:30,Aston Villa,Everton,H,H,M Oliver,2022/2023,100.0,100.0,4,4,57.89,2.0,42.11,2.0,1.0,1.0,2.23,1.72,1.74,0,1
2022-08-27,E0,15:00,Brentford,Everton,D,A,J Brooks,2022/2023,50.0,50.0,5,7,47.37,1.5,42.11,2.5,0.5,1.0,2.08,1.87,1.84,0,0
2022-08-30,E0,20:00,Leeds,Everton,D,A,D England,2022/2023,66.67,33.33,5,2,63.16,1.33,42.11,2.0,0.67,1.0,1.87,2.06,1.37,0,0
2022-10-01,E0,15:00,Southampton,Everton,A,D,A Marriner,2022/2023,75.0,50.0,6,5,47.37,1.25,42.11,1.25,1.5,1.25,2.2,1.72,1.0,0,1
2022-10-15,E0,17:30,Tottenham,Everton,H,D,P Tierney,2022/2023,60.0,40.0,7,0,57.89,1.4,42.11,3.0,0.8,1.0,1.73,2.2,1.95,0,0
2022-10-19,E0,19:30,Newcastle,Everton,H,H,T Harrington,2022/2023,40.0,20.0,4,0,36.84,1.2,42.11,2.0,1.0,0.8,1.97,1.94,1.89,0,0
2022-10-29,E0,17:30,Fulham,Everton,D,D,J Brooks,2022/2023,80.0,20.0,6,4,73.68,1.0,42.11,1.6,1.4,0.6,1.93,2.0,1.63,0,0
2022-11-12,E0,15:00,Bournemouth,Everton,H,H,C Pawson,2022/2023,60.0,40.0,9,3,47.37,1.4,42.11,1.4,1.0,0.4,2.35,1.66,1.05,0,1
2022-12-31,E0,15:00,Man City,Everton,D,H,A Madley,2022/2023,80.0,20.0,3,1,84.21,1.4,42.11,2.2,1.0,0.2,1.38,3.2,3.16,0,0
2023-01-21,E0,15:00,West Ham,Everton,H,H,S Attwell,2022/2023,20.0,20.0,4,2,36.84,1.4,42.11,1.0,1.2,0.2,2.17,1.73,1.37,0,0
2023-02-13,E0,20:00,Liverpool,Everton,H,H,S Hooper,2022/2023,60.0,20.0,6,1,52.63,1.6,42.11,1.6,0.8,0.2,1.82,2.1,2.42,0,0
2023-03-01,E0,19:45,Arsenal,Everton,H,H,M Oliver,2022/2023,60.0,40.0,5,5,89.47,2.4,42.11,1.8,1.2,0.2,1.9,2.0,2.79,0,1
2023-03-05,E0,14:00,Nott'm Forest,Everton,D,A,J Brooks,2022/2023,20.0,40.0,4,3,36.84,2.2,42.11,1.4,0.8,0.6,2.7,1.5,1.42,0,1
2023-03-18,E0,17:30,Chelsea,Everton,D,D,D England,2022/2023,20.0,60.0,7,3,36.84,2.4,42.11,0.8,0.6,0.8,2.26,1.67,1.05,0,1
2023-04-08,E0,12:30,Man United,Everton,H,H,M Oliver,2022/2023,40.0,60.0,11,1,57.89,2.4,42.11,1.6,0.4,0.8,1.78,2.1,1.89,0,0
2023-04-22,E0,15:00,Crystal Palace,Everton,D,D,J Brooks,2022/2023,20.0,60.0,2,5,42.11,2.0,42.11,0.6,0.6,0.8,2.52,1.57,1.11,0,0
2023-05-01,E0,20:00,Leicester,Everton,D,H,M Oliver,2022/2023,80.0,60.0,6,8,63.16,1.6,42.11,1.2,1.8,1.2,2.17,1.73,1.21,0,1
2023-05-08,E0,17:30,Brighton,Everton,A,A,S Hooper,2022/2023,60.0,60.0,5,5,52.63,1.4,42.11,2.4,1.6,1.8,1.54,2.63,1.95,0,1
2023-05-20,E0,15:00,Wolves,Everton,D,H,D Coote,2022/2023,0.0,40.0,5,4,26.32,1.2,42.11,1.4,0.2,1.6,2.11,1.96,1.0,0,0
2023-08-20,E0,14:00,Aston Villa,Everton,H,H,A Taylor,2023/2024,100.0,100.0,7,2,78.95,4.0,47.37,4.0,0.0,0.0,1.82,2.1,2.53,0,1
2023-09-02,E0,12:30,Sheffield United,Everton,D,H,A Madley,2023/2024,66.67,100.0,8,6,84.21,3.0,47.37,1.0,1.67,1.0,2.13,1.86,1.0,0,1
2023-09-23,E0,17:30,Brentford,Everton,A,D,M Oliver,2023/2024,75.0,100.0,2,6,68.42,2.33,47.37,1.5,2.0,1.67,2.2,1.73,1.53,0,1
2023-10-21,E0,12:30,Liverpool,Everton,H,D,C Pawson,2023/2024,75.0,75.0,6,1,68.42,2.25,47.37,2.75,0.5,1.25,1.47,2.88,2.58,0,0
2023-10-29,E0,13:00,West Ham,Everton,A,D,S Attwell,2023/2024,60.0,60.0,2,4,52.63,1.8,47.37,1.6,1.4,1.2,1.78,2.08,1.63,0,0
2023-11-11,E0,15:00,Crystal Palace,Everton,A,D,S Barrott,2023/2024,60.0,60.0,4,4,63.16,1.4,47.37,1.2,1.4,1.8,2.51,1.53,1.95,0,1
2023-12-02,E0,17:30,Nott'm Forest,Everton,A,D,P Tierney,2023/2024,40.0,40.0,2,3,52.63,1.0,47.37,1.4,1.4,1.6,2.4,1.62,1.42,0,0
2023-12-16,E0,17:30,Burnley,Everton,A,A,A Taylor,2023/2024,60.0,20.0,2,6,57.89,0.8,47.37,1.4,2.0,1.4,2.06,1.91,1.0,0,0
2023-12-23,E0,15:00,Tottenham,Everton,H,H,S Attwell,2023/2024,100.0,40.0,6,8,84.21,0.8,47.37,1.8,2.0,1.6,1.59,2.4,2.0,0,1
2023-12-30,E0,15:00,Wolves,Everton,H,H,T Bramall,2023/2024,60.0,60.0,6,0,63.16,1.4,47.37,1.8,0.6,1.4,2.2,1.7,1.37,0,1
2024-01-30,E0,19:45,Fulham,Everton,D,D,T Bramall,2023/2024,60.0,40.0,6,4,63.16,1.0,47.37,2.4,0.6,0.8,2.28,1.67,1.63,0,0
2024-02-10,E0,12:30,Man City,Everton,H,D,J Brooks,2023/2024,60.0,40.0,3,1,57.89,1.4,47.37,2.4,1.2,0.6,1.55,2.6,2.68,0,0
2024-02-24,E0,15:00,Brighton,Everton,D,D,T Harrington,2023/2024,40.0,40.0,7,3,57.89,1.6,47.37,2.0,1.0,0.4,1.69,2.3,1.58,1,0
2024-03-09,E0,12:30,Man United,Everton,H,H,S Hooper,2023/2024,80.0,20.0,8,6,68.42,1.6,47.37,2.2,1.2,0.2,1.78,2.08,1.63,0,0
2024-03-30,E0,15:00,Bournemouth,Everton,H,D,S Barrott,2023/2024,60.0,20.0,4,3,63.16,1.4,47.37,1.8,1.6,0.4,1.73,2.25,1.42,0,1
2024-04-02,E0,19:30,Newcastle,Everton,D,H,T Harrington,2023/2024,80.0,20.0,6,3,68.42,1.6,47.37,2.8,2.0,0.6,1.74,2.2,2.58,0,0
2024-04-15,E0,20:00,Chelsea,Everton,H,H,P Tierney,2023/2024,100.0,40.0,10,2,63.16,2.4,47.37,3.4,2.2,0.6,1.67,2.3,2.32,0,1
2024-05-03,E0,20:00,Luton,Everton,D,D,T Robinson,2023/2024,60.0,40.0,5,3,68.42,2.4,47.37,1.4,2.2,0.6,1.76,2.1,1.47,0,0
2024-05-19,E0,16:00,Arsenal,Everton,H,D,M Oliver,2023/2024,60.0,60.0,5,2,73.68,2.4,47.37,2.4,0.6,0.8,1.41,3.2,2.53,0,1
2022-08-13,E0,15:00,Wolves,Fulham,D,D,J Brooks,2022/2023,0.0,0.0,1,3,26.32,0.0,57.89,0.0,0.0,0.0,2.02,1.93,1.0,0,0
2022-08-27,E0,17:30,Arsenal,Fulham,H,D,J Gillett,2022/2023,100.0,50.0,8,3,89.47,1.0,57.89,3.0,1.5,0.5,1.59,2.5,2.79,0,1
2022-09-03,E0,15:00,Tottenham,Fulham,H,H,S Attwell,2022/2023,66.67,66.67,10,3,57.89,1.33,57.89,2.33,0.67,0.67,1.65,2.37,1.95,0,1
2022-09-16,E0,20:00,Nott'm Forest,Fulham,A,H,J Gillett,2022/2023,50.0,75.0,3,7,36.84,1.5,57.89,1.25,2.0,1.25,1.93,2.0,1.42,0,1
2022-10-09,E0,14:00,West Ham,Fulham,H,D,C Kavanagh,2022/2023,20.0,80.0,8,2,36.84,1.8,57.89,1.2,1.2,1.2,1.92,1.99,1.37,0,1
2022-10-23,E0,14:00,Leeds,Fulham,A,D,A Taylor,2022/2023,40.0,100.0,5,5,63.16,2.2,57.89,1.2,1.0,1.8,1.63,2.37,1.37,0,1
2022-11-05,E0,15:00,Man City,Fulham,H,D,D England,2022/2023,100.0,100.0,5,2,84.21,2.2,57.89,4.2,1.0,1.8,1.38,3.2,3.16,1,1
2022-12-26,E0,15:00,Crystal Palace,Fulham,A,A,A Madley,2022/2023,80.0,100.0,0,11,42.11,1.8,57.89,1.2,1.4,2.2,1.99,1.92,1.11,2,1
2023-01-03,E0,19:45,Leicester,Fulham,A,A,D Bond,2022/2023,20.0,80.0,6,2,63.16,1.4,57.89,0.4,1.0,1.8,1.76,2.2,1.21,0,0
2023-01-15,E0,14:00,Newcastle,Fulham,H,D,R Jones,2022/2023,20.0,60.0,5,0,36.84,1.0,57.89,1.4,0.0,1.6,1.73,2.2,1.89,0,0
2023-02-03,E0,20:00,Chelsea,Fulham,D,D,S Attwell,2022/2023,0.0,40.0,3,4,36.84,0.6,57.89,0.6,0.4,1.0,2.17,2.01,1.05,0,0
2023-02-18,E0,15:00,Brighton,Fulham,A,D,D England,2022/2023,60.0,20.0,7,2,52.63,0.2,57.89,1.4,1.4,1.0,1.76,2.1,1.95,0,0
2023-03-06,E0,20:00,Brentford,Fulham,H,D,A Taylor,2022/2023,60.0,20.0,6,5,47.37,0.8,57.89,2.4,0.8,0.8,2.05,1.9,1.84,0,1
2023-04-01,E0,15:00,Bournemouth,Fulham,H,A,P Bankes,2022/2023,40.0,40.0,7,2,47.37,1.2,57.89,1.2,1.4,0.8,2.25,1.67,1.05,0,1
2023-04-15,E0,15:00,Everton,Fulham,A,D,A Taylor,2022/2023,20.0,60.0,7,7,42.11,1.2,57.89,0.8,1.2,1.4,2.36,1.67,0.84,0,1
2023-04-25,E0,19:45,Aston Villa,Fulham,H,H,T Bramall,2022/2023,40.0,60.0,3,0,57.89,1.4,57.89,2.0,0.0,1.4,2.02,1.92,1.74,0,0
2023-05-03,E0,20:00,Liverpool,Fulham,H,H,S Attwell,2022/2023,80.0,60.0,3,3,52.63,1.6,57.89,3.4,1.4,1.2,1.48,2.75,2.42,0,0
2023-05-13,E0,15:00,Southampton,Fulham,A,D,T Bramall,2022/2023,40.0,40.0,1,4,47.37,1.0,57.89,0.8,2.4,1.2,1.99,1.95,1.0,0,0
2023-05-28,E0,16:30,Man United,Fulham,H,D,R Jones,2022/2023,40.0,40.0,8,3,57.89,1.0,57.89,2.2,0.4,1.2,1.5,3.0,1.89,0,1
2023-08-12,E0,15:00,Everton,Fulham,A,D,S Attwell,2023/2024,0.0,0.0,9,2,36.84,0.0,63.16,0.0,1.0,1.0,2.26,1.73,1.16,0,0
2023-08-26,E0,15:00,Arsenal,Fulham,D,A,P Tierney,2023/2024,100.0,50.0,11,3,73.68,1.0,63.16,2.0,1.5,1.5,1.54,2.63,2.53,0,1
2023-09-02,E0,15:00,Man City,Fulham,H,H,M Oliver,2023/2024,50.0,66.67,5,4,57.89,2.33,63.16,3.0,0.5,1.33,1.47,2.75,2.68,0,1
2023-09-23,E0,15:00,Crystal Palace,Fulham,D,D,P Tierney,2023/2024,33.33,50.0,3,5,63.16,1.75,63.16,1.0,1.0,1.0,2.28,1.67,1.95,0,0
2023-10-23,E0,20:00,Tottenham,Fulham,H,H,A Taylor,2023/2024,50.0,40.0,5,3,84.21,1.8,63.16,2.0,0.5,0.8,1.59,2.5,2.0,0,0
2023-10-29,E0,14:00,Brighton,Fulham,D,H,M Salisbury,2023/2024,80.0,40.0,7,5,57.89,2.0,63.16,2.0,1.6,0.8,1.72,2.2,1.58,0,0
2023-11-12,E0,14:00,Aston Villa,Fulham,H,H,S Hooper,2023/2024,100.0,40.0,6,5,78.95,2.2,63.16,3.8,1.0,0.6,1.82,2.1,2.53,0,1
2023-12-03,E0,14:00,Liverpool,Fulham,H,D,S Attwell,2023/2024,80.0,40.0,12,5,68.42,2.0,63.16,3.0,0.8,1.0,1.43,2.88,2.58,0,1
2023-12-16,E0,15:00,Newcastle,Fulham,H,D,S Barrott,2023/2024,60.0,60.0,10,4,68.42,2.6,63.16,2.6,0.2,1.0,1.84,2.0,2.58,0,1
2023-12-26,E0,15:00,Bournemouth,Fulham,H,H,T Robinson,2023/2024,80.0,80.0,4,3,63.16,2.8,63.16,2.0,1.0,1.0,1.79,2.2,1.42,0,1
2024-01-13,E0,12:30,Chelsea,Fulham,H,H,A Taylor,2023/2024,60.0,80.0,3,4,63.16,2.8,63.16,2.4,1.4,0.8,1.77,2.1,2.32,0,0
2024-02-03,E0,15:00,Burnley,Fulham,D,A,D Bond,2023/2024,40.0,80.0,4,7,57.89,2.6,63.16,1.6,1.4,1.0,2.2,1.7,1.0,0,1
2024-02-24,E0,15:00,Man United,Fulham,A,D,M Oliver,2023/2024,100.0,80.0,9,5,68.42,2.0,63.16,1.8,1.8,0.8,1.61,2.4,1.63,0,1
2024-03-09,E0,15:00,Wolves,Fulham,H,D,T Harrington,2023/2024,60.0,80.0,3,6,63.16,1.8,63.16,1.8,1.4,1.0,1.95,1.99,1.37,0,1
2024-03-30,E0,15:00,Sheffield United,Fulham,D,D,T Robinson,2023/2024,100.0,80.0,4,9,84.21,1.8,63.16,1.0,4.2,1.6,1.79,2.08,1.0,0,1
2024-04-02,E0,19:30,Nott'm Forest,Fulham,H,H,M Oliver,2023/2024,40.0,100.0,4,3,52.63,2.2,63.16,1.6,1.2,1.8,1.9,2.05,1.42,0,1
2024-04-14,E0,14:00,West Ham,Fulham,A,A,S Attwell,2023/2024,40.0,80.0,4,10,52.63,1.8,63.16,1.6,1.6,1.8,1.78,2.2,1.63,0,0
2024-05-04,E0,15:00,Brentford,Fulham,D,D,G Scott,2023/2024,20.0,60.0,3,3,68.42,1.6,63.16,1.0,0.6,1.4,1.66,2.3,1.53,0,0
2024-05-19,E0,16:00,Luton,Fulham,A,A,M Donohue,2023/2024,60.0,60.0,6,7,68.42,1.6,63.16,1.4,2.4,2.0,1.5,2.75,1.47,0,1
2024-08-16,E0,20:00,Man United,Fulham,H,D,R Jones,2024/2025,0.0,0.0,5,2,0.0,1.0,0.0,1.0,0.0,0.0,1.66,2.3,1.0,0,0
2022-08-13,E0,15:00,Southampton,Leeds,D,D,T Harrington,2022/2023,100.0,100.0,4,5,47.37,2.0,68.42,2.0,2.0,2.0,1.73,2.3,1.0,0,1
2022-08-27,E0,15:00,Brighton,Leeds,H,D,M Salisbury,2022/2023,0.0,50.0,4,2,52.63,1.5,68.42,0.5,0.0,1.0,1.91,2.04,1.95,0,0
2022-09-03,E0,15:00,Brentford,Leeds,H,H,R Jones,2022/2023,66.67,66.67,8,6,47.37,2.67,68.42,3.33,1.0,1.33,1.9,2.0,1.84,0,1
2022-10-09,E0,14:00,Crystal Palace,Leeds,H,D,P Tierney,2022/2023,60.0,75.0,5,4,42.11,2.5,68.42,1.4,1.4,1.25,2.12,1.96,1.11,0,1
2022-10-20,E0,20:15,Leicester,Leeds,H,H,P Bankes,2022/2023,40.0,60.0,1,2,63.16,2.4,68.42,1.4,0.6,1.0,1.82,2.1,1.21,0,0
2022-10-29,E0,19:45,Liverpool,Leeds,A,D,M Oliver,2022/2023,60.0,60.0,10,6,52.63,2.2,68.42,1.6,1.2,1.0,1.38,3.2,2.42,0,1
2022-11-12,E0,15:00,Tottenham,Leeds,H,A,M Salisbury,2022/2023,80.0,80.0,8,5,57.89,2.8,68.42,2.8,1.8,1.6,1.68,2.37,1.95,0,1
2022-12-31,E0,15:00,Newcastle,Leeds,D,D,S Hooper,2022/2023,40.0,60.0,5,1,36.84,1.8,68.42,2.2,0.2,1.2,1.72,2.3,1.89,0,0
2023-01-13,E0,20:00,Aston Villa,Leeds,H,H,M Oliver,2022/2023,80.0,60.0,5,4,57.89,1.8,68.42,2.2,1.2,1.2,1.83,2.05,1.74,0,1
2023-02-05,E0,14:00,Nott'm Forest,Leeds,H,H,R Jones,2022/2023,20.0,60.0,2,4,36.84,1.6,68.42,1.4,0.6,1.2,1.95,1.99,1.42,0,0
2023-02-08,E0,20:00,Man United,Leeds,D,A,S Hooper,2022/2023,100.0,60.0,7,2,57.89,1.8,68.42,2.4,0.8,1.2,1.75,2.2,1.89,0,1
2023-02-18,E0,15:00,Everton,Leeds,H,D,A Madley,2022/2023,60.0,40.0,6,0,42.11,1.2,68.42,1.0,1.6,0.6,2.35,1.62,0.84,0,0
2023-03-04,E0,15:00,Chelsea,Leeds,H,D,M Oliver,2022/2023,0.0,40.0,3,2,36.84,1.4,68.42,0.4,0.4,0.6,2.0,1.96,1.05,0,0
2023-03-18,E0,15:00,Wolves,Leeds,A,A,M Salisbury,2022/2023,40.0,40.0,8,4,26.32,1.4,68.42,1.4,1.0,1.2,2.28,1.67,1.0,1,1
2023-04-01,E0,15:00,Arsenal,Leeds,H,H,D England,2022/2023,100.0,60.0,6,5,89.47,2.0,68.42,3.2,1.4,1.4,1.57,2.75,2.79,0,1
2023-04-22,E0,12:30,Fulham,Leeds,H,D,P Bankes,2022/2023,40.0,60.0,5,2,73.68,2.0,68.42,1.0,1.2,1.2,1.99,1.97,1.63,0,1
2023-04-30,E0,14:00,Bournemouth,Leeds,H,H,C Kavanagh,2022/2023,60.0,80.0,7,6,47.37,2.6,68.42,1.4,1.6,1.4,2.03,2.01,1.05,0,1
2023-05-06,E0,15:00,Man City,Leeds,H,H,A Madley,2022/2023,100.0,100.0,6,2,84.21,2.8,68.42,3.2,0.8,1.6,1.36,3.4,3.16,0,1
2023-05-21,E0,13:30,West Ham,Leeds,H,D,P Bankes,2022/2023,80.0,100.0,9,3,36.84,3.0,68.42,1.6,2.0,1.0,1.84,2.0,1.37,0,1
2022-08-13,E0,15:00,Arsenal,Leicester,H,H,D England,2022/2023,100.0,100.0,7,2,89.47,4.0,63.16,4.0,2.0,2.0,1.76,2.2,2.79,0,1
2022-08-27,E0,15:00,Chelsea,Leicester,H,D,P Tierney,2022/2023,100.0,100.0,3,5,36.84,3.0,63.16,2.0,1.5,1.5,1.69,2.3,1.05,1,1
2022-09-04,E0,14:00,Brighton,Leicester,H,D,T Harrington,2022/2023,33.33,100.0,11,4,52.63,3.67,63.16,2.0,0.67,1.67,2.2,1.92,1.95,0,1
2022-09-17,E0,17:30,Tottenham,Leicester,H,D,S Hooper,2022/2023,75.0,100.0,11,7,57.89,4.25,63.16,3.25,1.0,1.75,1.68,2.37,1.95,0,1
2022-10-08,E0,15:00,Bournemouth,Leicester,H,A,M Salisbury,2022/2023,40.0,100.0,4,5,47.37,3.8,63.16,0.8,0.8,1.6,2.02,1.96,1.05,0,1
2022-10-23,E0,14:00,Wolves,Leicester,A,A,M Oliver,2022/2023,40.0,100.0,5,4,26.32,3.0,63.16,0.6,1.6,2.0,2.03,1.93,1.0,0,1
2022-11-05,E0,17:30,Everton,Leicester,A,A,D Coote,2022/2023,40.0,80.0,2,8,42.11,2.6,63.16,1.0,0.8,2.2,2.11,1.84,0.84,0,0
2022-11-12,E0,15:00,West Ham,Leicester,A,A,J Gillett,2022/2023,40.0,60.0,6,6,36.84,1.6,63.16,1.6,1.0,2.2,1.97,1.98,1.37,0,0
2022-12-30,E0,20:00,Liverpool,Leicester,H,H,C Pawson,2022/2023,60.0,60.0,5,2,52.63,0.8,63.16,1.6,0.8,2.0,1.45,2.75,2.42,0,1
2023-01-14,E0,15:00,Nott'm Forest,Leicester,H,D,P Tierney,2022/2023,20.0,40.0,5,1,36.84,0.8,63.16,1.4,0.6,1.8,2.4,1.62,1.42,0,0
2023-02-04,E0,15:00,Aston Villa,Leicester,A,A,D England,2022/2023,80.0,40.0,4,5,57.89,1.2,63.16,1.8,2.0,1.8,2.03,1.89,1.74,0,1
2023-02-19,E0,14:00,Man United,Leicester,H,H,S Attwell,2022/2023,100.0,60.0,8,3,57.89,1.8,63.16,2.4,0.8,1.4,1.63,2.38,1.89,0,1
2023-03-04,E0,17:30,Southampton,Leicester,H,H,R Jones,2022/2023,40.0,60.0,5,0,47.37,2.0,63.16,0.6,1.4,1.0,2.13,1.8,1.0,0,0
2023-03-18,E0,15:00,Brentford,Leicester,D,H,D Bond,2022/2023,40.0,40.0,2,1,47.37,1.8,63.16,2.0,0.8,1.0,1.85,2.0,1.84,1,0
2023-04-01,E0,15:00,Crystal Palace,Leicester,H,D,T Robinson,2022/2023,20.0,60.0,9,2,42.11,1.8,63.16,0.6,0.6,1.2,2.21,1.8,1.11,0,1
2023-04-15,E0,17:30,Man City,Leicester,H,H,D England,2022/2023,80.0,60.0,4,4,84.21,2.0,63.16,3.0,0.6,0.6,1.41,3.2,3.16,0,1
2023-04-25,E0,20:00,Leeds,Leicester,D,H,P Tierney,2022/2023,80.0,40.0,3,3,63.16,1.6,63.16,1.4,3.0,0.8,1.74,2.3,1.37,0,0
2023-05-08,E0,15:00,Fulham,Leicester,H,H,R Jones,2022/2023,80.0,60.0,7,9,73.68,2.4,63.16,1.6,2.0,1.4,2.09,1.9,1.63,0,1
2023-05-22,E0,20:00,Newcastle,Leicester,D,D,A Marriner,2022/2023,60.0,60.0,4,1,36.84,2.2,63.16,2.6,1.0,1.2,1.54,2.63,1.89,0,0
2022-08-06,E0,12:30,Fulham,Liverpool,D,H,A Madley,2022/2023,100.0,100.0,3,4,73.68,2.0,68.42,2.0,2.0,2.0,1.51,2.62,1.63,0,1
2022-08-22,E0,20:00,Man United,Liverpool,H,H,M Oliver,2022/2023,100.0,100.0,4,5,57.89,2.0,68.42,1.5,1.5,1.5,1.54,2.62,1.89,0,1
2022-09-03,E0,12:30,Everton,Liverpool,D,D,A Taylor,2022/2023,0.0,66.67,3,8,42.11,1.33,68.42,0.33,0.67,1.0,1.65,2.62,0.84,0,0
2022-10-09,E0,16:30,Arsenal,Liverpool,H,H,M Oliver,2022/2023,100.0,75.0,7,3,89.47,1.75,68.42,2.8,1.4,1.25,1.58,2.5,2.79,0,1
2022-10-22,E0,12:30,Nott'm Forest,Liverpool,H,D,P Tierney,2022/2023,40.0,60.0,7,7,36.84,1.6,68.42,1.2,1.8,1.0,1.64,2.37,1.42,0,0
2022-11-06,E0,16:30,Tottenham,Liverpool,A,A,A Madley,2022/2023,80.0,60.0,5,6,57.89,1.4,68.42,2.4,1.4,1.0,1.72,2.2,1.95,0,1
2022-12-26,E0,17:30,Aston Villa,Liverpool,A,A,P Tierney,2022/2023,60.0,60.0,6,9,57.89,1.2,68.42,1.8,1.2,1.4,1.72,2.2,1.74,0,1
2023-01-02,E0,17:30,Brentford,Liverpool,H,H,S Attwell,2022/2023,40.0,80.0,7,6,47.37,1.8,68.42,1.6,0.8,1.6,1.68,2.3,1.84,0,1
2023-01-14,E0,15:00,Brighton,Liverpool,H,D,D England,2022/2023,80.0,80.0,9,2,52.63,1.8,68.42,2.0,1.4,1.2,1.62,2.38,1.95,0,1
2023-02-04,E0,15:00,Wolves,Liverpool,H,H,P Tierney,2022/2023,40.0,100.0,6,4,26.32,2.2,68.42,1.2,1.2,1.2,1.9,2.0,1.0,0,1
2023-02-18,E0,17:30,Newcastle,Liverpool,A,A,A Taylor,2022/2023,0.0,80.0,4,7,36.84,2.0,68.42,0.6,0.6,1.2,1.94,2.02,1.89,1,0
2023-02-25,E0,19:45,Crystal Palace,Liverpool,D,D,D England,2022/2023,20.0,60.0,0,4,42.11,1.8,68.42,0.4,1.2,0.6,1.86,2.0,1.11,0,0
2023-03-11,E0,12:30,Bournemouth,Liverpool,H,H,J Brooks,2022/2023,20.0,40.0,2,6,47.37,1.4,68.42,0.8,1.6,0.4,1.56,2.5,1.05,0,0
2023-04-01,E0,12:30,Man City,Liverpool,H,D,S Hooper,2022/2023,80.0,40.0,8,1,84.21,1.6,68.42,3.2,0.8,0.6,1.7,2.3,3.16,0,1
2023-04-04,E0,20:00,Chelsea,Liverpool,D,D,A Taylor,2022/2023,20.0,20.0,3,4,36.84,1.0,68.42,0.6,1.0,0.6,2.0,1.95,1.05,0,0
2023-04-17,E0,20:00,Leeds,Liverpool,A,A,C Pawson,2022/2023,80.0,40.0,3,7,63.16,1.2,68.42,1.4,2.8,1.4,1.55,2.63,1.37,0,1
2023-04-26,E0,19:45,West Ham,Liverpool,A,D,C Kavanagh,2022/2023,60.0,60.0,2,4,36.84,1.4,68.42,1.2,2.0,1.8,1.68,2.3,1.37,0,1
2023-05-15,E0,20:00,Leicester,Liverpool,A,A,C Pawson,2022/2023,80.0,80.0,4,5,63.16,1.2,68.42,1.0,1.8,2.4,1.53,2.63,1.21,0,1
2023-05-28,E0,16:30,Southampton,Liverpool,D,D,D England,2022/2023,40.0,80.0,10,8,47.37,1.2,68.42,1.0,2.6,3.0,1.37,3.2,1.0,0,1
2023-08-13,E0,16:30,Chelsea,Liverpool,D,D,A Taylor,2023/2024,0.0,0.0,4,1,63.16,1.0,63.16,1.0,1.0,1.0,1.58,2.5,2.32,0,0
2023-08-27,E0,16:30,Newcastle,Liverpool,A,H,J Brooks,2023/2024,100.0,50.0,8,4,68.42,1.0,63.16,3.0,1.5,1.5,1.57,2.5,2.58,0,1
2023-09-16,E0,12:30,Wolves,Liverpool,A,H,M Oliver,2023/2024,100.0,66.67,2,6,63.16,1.0,63.16,1.0,3.5,2.0,1.57,2.5,1.37,0,1
2023-09-30,E0,17:30,Tottenham,Liverpool,H,D,S Hooper,2023/2024,66.67,75.0,8,4,84.21,1.25,63.16,2.0,0.67,1.75,1.44,3.2,2.0,0,1
2023-10-08,E0,14:00,Brighton,Liverpool,D,A,A Taylor,2023/2024,100.0,80.0,3,4,57.89,1.4,63.16,2.6,1.6,1.8,1.35,3.5,1.58,0,1
2023-11-05,E0,16:30,Luton,Liverpool,D,D,A Madley,2023/2024,40.0,80.0,5,6,68.42,1.4,63.16,0.8,1.4,1.8,1.38,3.1,1.47,0,0
2023-11-25,E0,12:30,Man City,Liverpool,D,H,C Kavanagh,2023/2024,60.0,60.0,5,3,57.89,1.4,63.16,3.2,0.8,1.6,1.58,2.6,2.68,0,0
2023-12-06,E0,19:30,Sheffield United,Liverpool,A,A,S Hooper,2023/2024,80.0,40.0,1,8,84.21,1.2,63.16,0.8,3.2,1.4,1.4,3.5,1.0,0,0
2023-12-09,E0,12:30,Crystal Palace,Liverpool,A,D,A Madley,2023/2024,60.0,40.0,4,2,63.16,1.0,63.16,0.8,1.8,1.6,1.74,2.2,1.95,1,1
2023-12-26,E0,17:30,Burnley,Liverpool,A,A,P Tierney,2023/2024,40.0,20.0,0,10,57.89,0.6,63.16,1.2,1.6,1.6,1.54,2.7,1.0,0,0
2024-01-21,E0,16:30,Bournemouth,Liverpool,A,D,A Madley,2023/2024,80.0,40.0,1,7,63.16,0.4,63.16,1.8,1.4,2.2,1.48,2.88,1.42,0,1
2024-02-04,E0,16:30,Arsenal,Liverpool,H,D,A Taylor,2023/2024,60.0,60.0,7,1,73.68,0.8,63.16,2.4,0.8,2.2,1.76,2.15,2.53,0,1
2024-02-17,E0,12:30,Brentford,Liverpool,A,A,M Oliver,2023/2024,100.0,80.0,6,8,68.42,1.0,63.16,1.4,3.0,2.6,1.5,2.7,1.53,0,1
2024-03-02,E0,15:00,Nott'm Forest,Liverpool,A,D,P Tierney,2023/2024,60.0,60.0,2,2,52.63,0.8,63.16,1.4,1.4,2.4,1.58,2.4,1.42,0,0
2024-04-07,E0,15:30,Man United,Liverpool,D,A,A Taylor,2023/2024,80.0,80.0,5,7,68.42,1.2,63.16,2.0,1.2,2.4,1.34,3.5,1.63,0,1
2024-04-21,E0,16:30,Fulham,Liverpool,A,D,C Pawson,2023/2024,80.0,80.0,5,7,63.16,1.4,63.16,1.6,1.2,2.2,1.48,2.75,1.63,0,1
2024-04-24,E0,20:00,Everton,Liverpool,H,H,A Madley,2023/2024,20.0,60.0,6,7,36.84,1.2,63.16,1.4,0.8,2.0,1.53,2.63,1.16,0,0
2024-04-27,E0,12:30,West Ham,Liverpool,D,H,A Taylor,2023/2024,40.0,60.0,8,8,52.63,1.4,63.16,1.2,1.6,1.6,1.42,3.2,1.63,0,1
2024-05-13,E0,20:00,Aston Villa,Liverpool,D,A,S Hooper,2023/2024,80.0,80.0,5,7,78.95,2.0,63.16,2.6,1.8,2.0,1.39,3.2,2.53,0,1
2024-08-17,E0,12:30,Ipswich,Liverpool,A,D,T Robinson,2024/2025,0.0,0.0,2,5,0.0,0.0,0.0,0.0,2.0,2.0,1.4,3.2,0.0,0,0
2023-08-12,E0,15:00,Brighton,Luton,H,H,D Coote,2023/2024,100.0,100.0,12,3,57.89,4.0,73.68,4.0,1.0,1.0,1.62,2.5,1.58,0,1
2023-08-25,E0,20:00,Chelsea,Luton,H,H,R Jones,2023/2024,50.0,100.0,8,1,63.16,3.5,73.68,2.0,0.5,0.5,1.67,2.3,2.32,0,1
2023-09-16,E0,15:00,Fulham,Luton,H,D,M Salisbury,2023/2024,50.0,66.67,2,2,63.16,2.67,73.68,0.5,1.5,0.33,2.19,1.73,1.63,0,0
2023-09-30,E0,15:00,Everton,Luton,A,A,A Taylor,2023/2024,25.0,75.0,5,2,36.84,2.25,73.68,0.25,1.25,0.75,2.13,1.87,1.16,0,1
2023-10-21,E0,15:00,Nott'm Forest,Luton,D,D,S Barrott,2023/2024,50.0,80.0,8,4,52.63,2.2,73.68,1.5,1.25,1.0,2.24,1.7,1.42,0,1
2023-10-29,E0,14:00,Aston Villa,Luton,H,H,J Brooks,2023/2024,100.0,80.0,6,1,78.95,2.0,73.68,4.0,0.8,1.0,1.53,2.7,2.53,0,1
2023-11-11,E0,15:00,Man United,Luton,H,D,G Scott,2023/2024,60.0,60.0,4,4,68.42,1.6,73.68,0.8,1.6,1.0,1.54,2.7,1.63,0,0
2023-12-02,E0,15:00,Brentford,Luton,H,D,A Taylor,2023/2024,80.0,80.0,6,1,68.42,2.0,73.68,2.0,1.4,1.2,1.85,2.05,1.53,0,1
2023-12-26,E0,15:00,Sheffield United,Luton,A,A,S Allison,2023/2024,60.0,80.0,6,4,84.21,2.2,73.68,1.2,1.8,1.4,2.36,1.67,1.0,0,1
2024-01-12,E0,19:45,Burnley,Luton,D,H,T Harrington,2023/2024,40.0,60.0,7,5,57.89,2.0,73.68,1.4,1.4,1.2,2.06,1.84,1.0,0,0
2024-02-03,E0,15:00,Newcastle,Luton,D,D,T Bramall,2023/2024,80.0,60.0,6,8,68.42,2.2,73.68,2.2,2.0,1.8,1.67,2.35,2.58,0,1
2024-02-21,E0,19:30,Liverpool,Luton,H,A,A Madley,2023/2024,80.0,80.0,13,3,68.42,2.8,73.68,3.2,1.2,2.0,1.39,3.1,2.58,0,1
2024-03-09,E0,15:00,Crystal Palace,Luton,D,H,S Singh,2023/2024,80.0,60.0,4,2,63.16,2.4,73.68,2.2,1.4,2.0,1.9,2.05,1.95,0,0
2024-03-13,E0,19:30,Bournemouth,Luton,H,A,S Allison,2023/2024,60.0,60.0,10,4,63.16,2.8,73.68,1.4,2.2,2.0,1.43,2.88,1.42,0,1
2024-03-30,E0,15:00,Tottenham,Luton,H,A,J Gillett,2023/2024,100.0,80.0,4,3,84.21,3.0,73.68,2.2,1.4,2.0,1.23,4.2,2.0,0,1
2024-04-03,E0,19:30,Arsenal,Luton,H,H,C Pawson,2023/2024,80.0,60.0,4,1,73.68,2.6,73.68,3.2,0.6,1.2,1.34,3.5,2.53,0,0
2024-04-13,E0,15:00,Man City,Luton,H,H,J Brooks,2023/2024,60.0,60.0,13,2,57.89,2.8,73.68,2.6,0.6,1.2,1.25,4.33,2.68,0,1
2024-04-27,E0,15:00,Wolves,Luton,H,H,D Coote,2023/2024,60.0,80.0,5,6,63.16,3.0,73.68,1.0,1.4,1.2,1.71,2.2,1.37,0,1
2024-05-11,E0,15:00,West Ham,Luton,H,A,M Oliver,2023/2024,40.0,80.0,8,1,52.63,2.8,73.68,1.4,1.4,0.8,1.43,3.0,1.63,0,1
2022-08-07,E0,16:30,West Ham,Man City,A,A,M Oliver,2022/2023,0.0,0.0,1,2,36.84,0.0,47.37,0.0,2.0,2.0,1.54,2.62,1.37,0,0
2022-08-21,E0,16:30,Newcastle,Man City,D,H,J Gillett,2022/2023,50.0,50.0,6,10,36.84,1.5,47.37,2.5,1.5,2.5,1.65,2.37,1.89,0,1
2022-09-03,E0,17:30,Aston Villa,Man City,D,D,S Hooper,2022/2023,33.33,33.33,1,4,57.89,1.33,47.37,1.0,1.0,2.0,1.5,2.75,1.74,0,0
2022-09-17,E0,12:30,Wolves,Man City,A,A,A Taylor,2022/2023,25.0,50.0,1,7,26.32,1.0,47.37,0.5,1.0,2.25,1.61,2.37,1.0,1,1
2022-10-16,E0,16:30,Liverpool,Man City,H,D,A Taylor,2022/2023,60.0,40.0,2,6,52.63,1.0,47.37,3.2,1.0,1.8,1.49,2.75,2.42,0,0
2022-10-29,E0,12:30,Leicester,Man City,A,D,R Jones,2022/2023,20.0,40.0,5,5,63.16,1.0,47.37,1.2,0.4,1.6,1.65,2.37,1.21,0,0
2022-12-28,E0,20:00,Leeds,Man City,A,A,S Attwell,2022/2023,60.0,40.0,1,9,63.16,0.6,47.37,1.4,2.0,1.6,1.42,3.0,1.37,0,1
2023-01-05,E0,20:00,Chelsea,Man City,A,D,P Tierney,2022/2023,20.0,40.0,2,3,36.84,0.4,47.37,1.2,0.6,1.6,1.83,2.1,1.05,0,0
2023-01-14,E0,12:30,Man United,Man City,H,D,S Attwell,2022/2023,60.0,40.0,4,1,57.89,0.8,47.37,2.2,0.2,1.2,1.77,2.2,1.89,0,1
2023-02-05,E0,16:30,Tottenham,Man City,H,H,A Madley,2022/2023,40.0,40.0,3,5,57.89,0.8,47.37,1.2,1.8,1.2,1.79,2.1,1.95,1,0
2023-02-15,E0,19:30,Arsenal,Man City,A,D,A Taylor,2022/2023,60.0,60.0,1,6,89.47,1.0,47.37,1.6,1.4,1.6,2.02,1.97,2.79,0,1
2023-02-18,E0,15:00,Nott'm Forest,Man City,D,A,G Scott,2022/2023,0.0,40.0,1,6,36.84,1.0,47.37,1.2,0.4,1.2,1.7,2.3,1.42,0,0
2023-02-25,E0,17:30,Bournemouth,Man City,A,A,P Tierney,2022/2023,40.0,60.0,2,5,47.37,1.2,47.37,1.2,1.6,1.8,1.68,2.38,1.05,0,1
2023-03-11,E0,17:30,Crystal Palace,Man City,A,D,R Jones,2022/2023,0.0,40.0,0,4,42.11,0.8,47.37,0.4,0.6,1.8,1.93,2.0,1.11,0,0
2023-04-08,E0,17:30,Southampton,Man City,A,A,R Jones,2022/2023,60.0,60.0,1,8,47.37,0.8,47.37,1.2,2.2,2.6,1.71,2.3,1.0,0,1
2023-04-30,E0,14:00,Fulham,Man City,A,A,S Hooper,2022/2023,60.0,60.0,1,9,73.68,0.8,47.37,0.8,1.6,2.4,1.65,2.38,1.63,0,1
2023-05-14,E0,14:00,Everton,Man City,A,A,A Taylor,2022/2023,60.0,80.0,3,4,42.11,0.6,47.37,0.8,2.2,2.8,1.68,2.2,0.84,0,1
2023-05-24,E0,20:00,Brighton,Man City,D,D,S Hooper,2022/2023,60.0,60.0,7,4,52.63,0.6,47.37,2.4,1.4,2.2,1.54,2.75,1.95,0,0
2023-05-28,E0,16:30,Brentford,Man City,H,D,J Brooks,2022/2023,40.0,60.0,4,3,47.37,0.8,47.37,1.4,0.8,2.0,1.9,2.02,1.84,0,0
2023-08-11,E0,20:00,Burnley,Man City,A,A,C Pawson,2023/2024,100.0,100.0,1,8,57.89,0.0,68.42,0.0,3.0,3.0,1.73,2.2,1.0,1,1
2023-08-27,E0,14:00,Sheffield United,Man City,A,D,J Gillett,2023/2024,50.0,100.0,2,9,84.21,0.5,68.42,0.5,1.5,2.5,1.66,2.38,1.0,0,1
2023-09-16,E0,15:00,West Ham,Man City,A,H,A Madley,2023/2024,100.0,100.0,3,15,52.63,0.67,68.42,2.0,2.0,2.67,1.83,2.1,1.63,0,1
2023-09-30,E0,15:00,Wolves,Man City,H,H,C Pawson,2023/2024,100.0,100.0,1,8,63.16,1.0,68.42,1.33,2.67,2.25,1.75,2.2,1.37,0,1
2023-10-08,E0,16:30,Arsenal,Man City,H,D,M Oliver,2023/2024,80.0,80.0,2,1,73.68,1.0,68.42,2.0,1.2,1.8,2.13,1.82,2.53,0,0
2023-10-29,E0,15:30,Man United,Man City,A,A,P Tierney,2023/2024,80.0,80.0,3,10,68.42,1.0,68.42,1.2,2.0,1.8,1.74,2.2,1.63,0,1
2023-11-12,E0,16:30,Chelsea,Man City,D,D,A Taylor,2023/2024,40.0,80.0,9,10,63.16,1.6,68.42,1.2,2.0,2.2,1.87,2.07,2.32,0,1
2023-12-06,E0,20:15,Aston Villa,Man City,H,D,J Brooks,2023/2024,80.0,60.0,7,2,78.95,1.6,68.42,3.4,0.8,1.6,1.72,2.25,2.53,0,0
2023-12-10,E0,14:00,Luton,Man City,A,H,T Robinson,2023/2024,60.0,60.0,2,6,68.42,1.4,68.42,1.4,1.8,1.8,1.62,2.4,1.47,0,1
2023-12-27,E0,20:15,Everton,Man City,A,H,J Brooks,2023/2024,60.0,80.0,2,9,36.84,1.4,68.42,1.4,1.4,2.4,2.0,1.95,1.16,0,1
2024-01-13,E0,17:30,Newcastle,Man City,A,H,C Kavanagh,2023/2024,80.0,80.0,5,11,68.42,1.8,68.42,2.2,1.4,2.4,1.84,2.15,2.58,0,1
2024-02-05,E0,20:00,Brentford,Man City,A,D,J Gillett,2023/2024,100.0,80.0,3,15,68.42,1.2,68.42,1.8,2.4,2.2,1.55,2.5,1.53,0,1
2024-02-24,E0,17:30,Bournemouth,Man City,A,A,J Gillett,2023/2024,60.0,80.0,4,6,63.16,1.0,68.42,1.2,1.6,2.4,1.54,2.6,1.42,0,0
2024-03-10,E0,15:45,Liverpool,Man City,D,A,M Oliver,2023/2024,80.0,60.0,6,6,68.42,1.0,68.42,3.2,1.2,2.2,1.52,2.6,2.58,0,0
2024-04-06,E0,12:30,Crystal Palace,Man City,A,D,P Tierney,2023/2024,80.0,60.0,4,8,63.16,1.2,68.42,2.0,2.0,2.4,1.73,2.2,1.95,0,1
2024-04-25,E0,20:00,Brighton,Man City,A,A,J Gillett,2023/2024,60.0,60.0,3,6,57.89,0.8,68.42,1.2,1.8,2.6,1.47,3.2,1.58,0,1
2024-04-28,E0,16:30,Nott'm Forest,Man City,A,A,S Hooper,2023/2024,40.0,40.0,2,5,52.63,0.6,68.42,1.2,1.4,2.4,1.58,2.63,1.42,0,0
2024-05-11,E0,12:30,Fulham,Man City,A,A,A Taylor,2023/2024,60.0,60.0,1,9,63.16,0.6,68.42,1.0,1.8,3.0,1.35,3.4,1.63,1,1
2024-05-14,E0,20:00,Tottenham,Man City,A,D,C Kavanagh,2023/2024,80.0,60.0,5,5,84.21,0.4,68.42,1.8,1.6,3.2,1.32,3.75,2.0,0,0
2024-08-18,E0,16:30,Chelsea,Man City,A,A,A Taylor,2024/2025,0.0,0.0,3,5,0.0,0.0,0.0,0.0,2.0,2.0,1.61,2.38,0.0,0,0
2022-08-13,E0,17:30,Brentford,Man United,H,H,S Attwell,2022/2023,100.0,100.0,7,4,47.37,4.0,42.11,4.0,0.0,0.0,1.8,2.1,1.84,0,1
2022-08-27,E0,12:30,Southampton,Man United,A,D,A Madley,2022/2023,50.0,50.0,5,6,47.37,2.0,42.11,1.0,1.5,0.5,1.65,2.37,1.0,0,0
2022-09-01,E0,20:00,Leicester,Man United,A,A,C Pawson,2022/2023,66.67,33.33,2,2,63.16,1.33,42.11,1.0,1.67,0.67,1.73,2.3,1.21,0,0
2022-10-02,E0,14:00,Man City,Man United,H,H,M Oliver,2022/2023,100.0,50.0,10,8,84.21,2.5,42.11,5.0,1.25,1.25,1.51,2.75,3.16,0,1
2022-10-09,E0,19:00,Everton,Man United,A,A,D Coote,2022/2023,20.0,60.0,2,4,42.11,2.2,42.11,0.6,0.8,1.4,1.91,2.05,0.84,0,1
2022-10-22,E0,17:30,Chelsea,Man United,D,D,S Attwell,2022/2023,80.0,40.0,2,6,36.84,1.6,42.11,2.0,1.0,1.6,1.93,2.01,1.05,0,0
2022-11-06,E0,14:00,Aston Villa,Man United,H,H,A Taylor,2022/2023,40.0,60.0,4,3,57.89,2.2,42.11,1.8,0.8,1.6,1.94,1.97,1.74,0,1
2022-11-13,E0,16:30,Fulham,Man United,A,A,P Tierney,2022/2023,80.0,80.0,7,9,73.68,2.4,42.11,1.4,1.6,1.8,1.83,2.1,1.63,0,1
2022-12-31,E0,12:30,Wolves,Man United,A,D,R Jones,2022/2023,40.0,60.0,3,6,26.32,1.2,42.11,0.6,2.0,1.4,1.95,1.99,1.0,0,0
2023-01-18,E0,20:00,Crystal Palace,Man United,D,A,R Jones,2022/2023,60.0,40.0,5,4,42.11,1.2,42.11,0.8,1.8,1.2,1.96,1.96,1.11,0,0
2023-01-22,E0,16:30,Arsenal,Man United,H,D,A Taylor,2022/2023,80.0,60.0,5,4,89.47,1.6,42.11,2.8,1.0,1.4,1.81,2.1,2.79,0,1
2023-02-12,E0,14:00,Leeds,Man United,A,D,P Tierney,2022/2023,60.0,40.0,6,5,63.16,1.0,42.11,1.4,2.0,1.6,1.7,2.2,1.37,0,0
2023-03-05,E0,16:30,Liverpool,Man United,H,H,A Madley,2022/2023,40.0,40.0,8,4,52.63,2.2,42.11,2.6,0.2,1.2,1.8,2.1,2.42,0,1
2023-04-02,E0,16:30,Newcastle,Man United,H,D,S Attwell,2022/2023,20.0,40.0,6,1,36.84,2.6,42.11,1.2,0.8,1.0,1.99,2.05,1.89,0,0
2023-04-16,E0,16:30,Nott'm Forest,Man United,A,A,S Hooper,2022/2023,40.0,40.0,0,8,36.84,2.4,42.11,1.0,1.6,1.2,1.85,2.0,1.42,0,0
2023-04-27,E0,20:15,Tottenham,Man United,D,A,A Taylor,2022/2023,80.0,40.0,7,8,57.89,2.2,42.11,2.2,1.4,1.2,1.62,2.38,1.95,0,1
2023-05-04,E0,20:00,Brighton,Man United,H,D,A Marriner,2022/2023,60.0,40.0,6,5,52.63,2.4,42.11,3.0,0.6,0.8,1.57,2.5,1.95,0,0
2023-05-07,E0,19:00,West Ham,Man United,H,H,P Bankes,2022/2023,60.0,20.0,4,4,36.84,1.2,42.11,1.2,1.8,0.8,1.8,2.1,1.37,0,0
2023-05-20,E0,15:00,Bournemouth,Man United,A,A,C Kavanagh,2022/2023,60.0,20.0,4,5,47.37,0.8,42.11,1.0,2.2,1.0,1.53,2.75,1.05,0,0
2023-08-19,E0,17:30,Tottenham,Man United,H,D,M Oliver,2023/2024,0.0,0.0,6,6,84.21,2.0,57.89,2.0,0.0,0.0,1.55,2.5,2.0,0,0
2023-09-03,E0,16:30,Arsenal,Man United,H,D,A Taylor,2023/2024,100.0,50.0,5,2,73.68,2.5,57.89,2.33,1.33,0.5,1.53,2.75,2.53,0,1
2023-09-23,E0,20:00,Burnley,Man United,A,A,T Harrington,2023/2024,75.0,33.33,4,4,57.89,1.67,57.89,0.75,3.0,0.67,1.75,2.1,1.0,0,0
2023-10-21,E0,20:00,Sheffield United,Man United,A,D,M Oliver,2023/2024,80.0,50.0,6,5,84.21,1.5,57.89,0.8,3.0,1.0,1.53,2.7,1.0,0,1
2023-11-04,E0,12:30,Fulham,Man United,A,D,J Brooks,2023/2024,40.0,40.0,3,5,63.16,1.2,57.89,0.8,1.4,1.0,1.9,2.05,1.63,0,0
2023-11-26,E0,16:30,Everton,Man United,A,A,J Brooks,2023/2024,60.0,60.0,6,4,36.84,0.8,57.89,1.0,1.4,1.6,1.96,1.96,1.16,0,1
2023-12-02,E0,20:00,Newcastle,Man United,H,D,R Jones,2023/2024,40.0,40.0,4,1,68.42,0.4,57.89,2.4,0.2,1.4,1.81,2.08,2.58,0,0
2023-12-17,E0,16:30,Liverpool,Man United,D,D,M Oliver,2023/2024,60.0,40.0,8,1,68.42,0.4,57.89,2.4,0.6,1.2,1.45,3.1,2.58,0,0
2023-12-23,E0,12:30,West Ham,Man United,H,D,S Hooper,2023/2024,40.0,20.0,5,3,52.63,0.6,57.89,1.8,0.8,0.8,1.69,2.3,1.63,0,0
2023-12-30,E0,17:30,Nott'm Forest,Man United,H,D,T Robinson,2023/2024,60.0,40.0,2,5,52.63,1.0,57.89,1.2,2.0,0.8,1.79,2.08,1.42,0,1
2024-02-01,E0,20:15,Wolves,Man United,A,A,J Gillett,2023/2024,60.0,40.0,7,8,63.16,1.6,57.89,2.0,1.2,1.0,1.92,2.0,1.37,0,1
2024-02-11,E0,16:30,Aston Villa,Man United,A,A,R Jones,2023/2024,60.0,60.0,10,5,78.95,1.6,57.89,1.4,1.6,1.4,1.53,2.5,2.53,0,1
2024-02-18,E0,16:30,Luton,Man United,A,A,D Coote,2023/2024,80.0,80.0,4,9,68.42,1.8,57.89,1.8,1.6,1.8,1.59,2.5,1.47,0,1
2024-03-03,E0,15:30,Man City,Man United,H,A,A Madley,2023/2024,40.0,100.0,8,1,57.89,2.0,57.89,2.0,0.6,2.0,1.38,3.1,2.68,0,1
2024-03-30,E0,20:00,Brentford,Man United,D,D,S Hooper,2023/2024,80.0,80.0,5,5,68.42,1.8,57.89,1.6,2.4,2.0,1.46,2.7,1.53,0,0
2024-04-04,E0,20:15,Chelsea,Man United,H,D,J Gillett,2023/2024,80.0,80.0,10,5,63.16,2.0,57.89,2.4,2.2,1.8,1.44,3.0,2.32,0,1
2024-04-13,E0,17:30,Bournemouth,Man United,D,H,T Harrington,2023/2024,80.0,80.0,5,2,63.16,2.2,57.89,2.2,1.6,1.8,1.41,3.2,1.42,0,1
2024-05-06,E0,20:00,Crystal Palace,Man United,H,H,J Gillett ,2023/2024,60.0,80.0,10,2,63.16,2.8,57.89,2.8,1.4,1.4,1.57,2.5,1.95,0,1
2024-05-19,E0,16:00,Brighton,Man United,A,D,C Pawson,2023/2024,60.0,60.0,3,4,57.89,2.2,57.89,0.4,2.2,1.6,1.35,3.5,1.58,0,0
2022-08-13,E0,15:00,Brighton,Newcastle,D,D,G Scott,2022/2023,0.0,0.0,7,1,52.63,0.0,57.89,0.0,0.0,0.0,2.2,1.72,1.95,0,0
2022-08-28,E0,14:00,Wolves,Newcastle,D,H,P Bankes,2022/2023,0.0,0.0,4,6,26.32,0.5,57.89,0.5,0.5,0.5,2.13,1.72,1.0,0,0
2022-08-31,E0,20:00,Liverpool,Newcastle,H,A,A Marriner,2022/2023,66.67,33.33,6,2,52.63,1.0,57.89,4.0,0.67,0.67,1.45,3.0,2.42,0,1
2022-10-01,E0,15:00,Fulham,Newcastle,A,A,D England,2022/2023,100.0,50.0,1,10,73.68,1.0,57.89,2.0,2.25,1.5,1.95,1.99,1.63,1,1
2022-10-16,E0,14:00,Man United,Newcastle,D,D,C Pawson,2022/2023,75.0,40.0,2,2,57.89,0.8,57.89,1.5,1.0,1.2,1.77,2.1,1.89,0,0
2022-10-23,E0,16:30,Tottenham,Newcastle,A,A,J Gillett,2022/2023,60.0,60.0,5,5,57.89,1.0,57.89,2.4,1.0,1.6,2.0,1.96,1.95,0,1
2022-11-06,E0,14:00,Southampton,Newcastle,A,A,S Attwell,2022/2023,60.0,80.0,5,4,47.37,1.0,57.89,1.2,1.8,2.2,1.99,1.96,1.0,0,1
2022-12-26,E0,15:00,Leicester,Newcastle,A,A,J Gillett,2022/2023,40.0,80.0,2,5,63.16,0.6,57.89,1.2,0.8,2.6,2.02,1.91,1.21,0,1
2023-01-03,E0,19:45,Arsenal,Newcastle,D,D,A Madley,2022/2023,80.0,60.0,4,1,89.47,0.4,57.89,2.8,0.8,1.8,1.95,1.99,2.79,0,0
2023-01-21,E0,17:30,Crystal Palace,Newcastle,D,D,C Pawson,2022/2023,40.0,60.0,1,7,42.11,0.4,57.89,0.4,1.6,1.8,2.26,1.73,1.11,0,0
2023-02-11,E0,17:30,Bournemouth,Newcastle,D,D,S Attwell,2022/2023,40.0,40.0,5,7,47.37,0.4,57.89,1.4,1.4,1.6,2.02,1.93,1.05,0,0
2023-03-04,E0,12:30,Man City,Newcastle,H,H,S Hooper,2022/2023,60.0,20.0,3,2,84.21,0.6,57.89,2.6,0.8,0.8,1.78,2.1,3.16,0,0
2023-03-17,E0,20:00,Nott'm Forest,Newcastle,A,D,P Tierney,2022/2023,40.0,20.0,3,4,36.84,0.8,57.89,1.4,1.0,0.6,2.2,1.73,1.42,0,1
2023-04-05,E0,20:00,West Ham,Newcastle,A,A,C Pawson,2022/2023,40.0,40.0,2,8,36.84,1.0,57.89,1.6,1.4,1.6,2.38,1.62,1.37,0,1
2023-04-08,E0,15:00,Brentford,Newcastle,A,H,C Kavanagh,2022/2023,60.0,60.0,6,4,47.37,1.2,57.89,1.8,1.2,2.0,2.21,1.73,1.84,0,1
2023-04-15,E0,12:30,Aston Villa,Newcastle,H,H,J Brooks,2022/2023,60.0,80.0,6,2,57.89,1.6,57.89,2.2,0.8,1.8,2.05,1.89,1.74,0,1
2023-04-27,E0,19:45,Everton,Newcastle,A,A,A Marriner,2022/2023,40.0,100.0,5,8,42.11,1.4,57.89,0.8,2.0,2.6,2.07,1.85,0.84,0,1
2023-05-13,E0,12:30,Leeds,Newcastle,D,D,S Hooper,2022/2023,80.0,100.0,4,5,63.16,1.6,57.89,1.4,3.0,2.6,1.6,2.5,1.37,1,1
2023-05-28,E0,16:30,Chelsea,Newcastle,D,D,J Gillett,2022/2023,40.0,80.0,5,4,36.84,1.6,57.89,0.8,1.4,1.8,1.58,2.5,1.05,0,0
2023-08-19,E0,20:00,Man City,Newcastle,H,H,R Jones,2023/2024,0.0,0.0,4,1,57.89,1.0,73.68,1.0,0.0,0.0,1.89,2.05,2.68,0,0
2023-09-02,E0,17:30,Brighton,Newcastle,H,H,S Attwell,2023/2024,100.0,50.0,6,2,57.89,2.0,73.68,2.67,1.67,0.5,1.57,2.63,1.58,0,1
2023-09-24,E0,16:30,Sheffield United,Newcastle,A,A,S Attwell,2023/2024,75.0,66.67,1,15,84.21,1.33,73.68,0.75,3.25,3.0,1.87,2.05,1.0,0,1
2023-10-08,E0,14:00,West Ham,Newcastle,D,H,P Bankes,2023/2024,75.0,75.0,3,3,52.63,1.5,73.68,2.0,1.5,2.75,1.84,2.08,1.63,0,1
2023-10-28,E0,17:30,Wolves,Newcastle,D,A,A Taylor,2023/2024,80.0,80.0,6,5,63.16,1.6,73.68,1.4,2.2,2.6,1.91,2.02,1.37,0,1
2023-11-11,E0,17:30,Bournemouth,Newcastle,H,D,C Kavanagh,2023/2024,60.0,80.0,10,5,63.16,1.8,73.68,1.0,1.4,2.6,1.9,2.07,1.42,0,0
2023-12-07,E0,19:30,Everton,Newcastle,H,D,T Robinson,2023/2024,80.0,80.0,6,3,36.84,1.8,73.68,1.6,1.2,2.4,2.04,1.86,1.16,0,1
2023-12-10,E0,16:30,Tottenham,Newcastle,H,H,C Kavanagh,2023/2024,80.0,80.0,12,3,84.21,2.6,73.68,1.8,1.8,1.0,1.55,2.5,2.0,0,1
2023-12-23,E0,15:00,Luton,Newcastle,H,H,D England,2023/2024,60.0,60.0,5,2,68.42,2.4,73.68,1.6,1.6,0.6,1.91,2.03,1.47,0,0
2024-01-01,E0,20:00,Liverpool,Newcastle,H,D,A Taylor,2023/2024,60.0,60.0,15,3,68.42,2.8,73.68,2.4,1.2,0.6,1.41,3.1,2.58,0,1
2024-01-30,E0,20:15,Aston Villa,Newcastle,A,A,J Brooks,2023/2024,40.0,80.0,6,5,78.95,2.6,73.68,1.4,1.2,1.2,1.61,2.35,2.53,0,1
2024-02-10,E0,17:30,Nott'm Forest,Newcastle,A,D,A Taylor,2023/2024,80.0,80.0,3,5,52.63,2.4,73.68,1.4,2.2,1.8,1.69,2.25,1.42,0,1
2024-02-24,E0,20:00,Arsenal,Newcastle,H,H,P Tierney,2023/2024,60.0,80.0,8,2,73.68,2.4,73.68,2.8,0.8,1.8,1.5,2.7,2.53,0,1
2024-03-11,E0,20:00,Chelsea,Newcastle,H,D,J Brooks,2023/2024,60.0,100.0,8,3,63.16,2.8,73.68,2.0,1.4,2.2,1.46,2.7,2.32,0,1
2024-04-06,E0,15:00,Fulham,Newcastle,A,D,S Allison,2023/2024,80.0,80.0,4,5,63.16,2.0,73.68,2.0,0.8,2.0,1.64,2.3,1.63,0,0
2024-04-24,E0,20:00,Crystal Palace,Newcastle,H,D,T Bramall,2023/2024,60.0,60.0,7,2,63.16,2.2,73.68,2.6,1.4,1.4,1.7,2.2,1.95,0,0
2024-05-04,E0,15:00,Burnley,Newcastle,A,A,A Taylor,2023/2024,40.0,60.0,5,11,57.89,2.0,73.68,1.0,1.8,1.6,1.45,2.75,1.0,0,1
2024-05-15,E0,20:00,Man United,Newcastle,H,H,R Jones,2023/2024,60.0,60.0,8,8,68.42,1.8,73.68,2.0,1.6,1.8,1.4,3.2,1.63,0,1
2024-05-19,E0,16:00,Brentford,Newcastle,A,A,S Hooper,2023/2024,20.0,60.0,5,7,68.42,1.6,73.68,1.0,1.0,2.2,1.4,3.2,1.53,0,1
2022-08-06,E0,15:00,Newcastle,Nott'm Forest,H,D,S Hooper,2022/2023,0.0,0.0,10,0,36.84,2.0,52.63,2.0,0.0,0.0,2.06,1.96,1.89,0,0
2022-08-20,E0,15:00,Everton,Nott'm Forest,D,D,A Marriner,2022/2023,0.0,0.0,8,5,42.11,1.5,52.63,0.5,1.0,0.5,2.2,1.72,0.84,0,0
2022-08-31,E0,19:30,Man City,Nott'm Forest,H,H,P Tierney,2022/2023,100.0,33.33,9,1,84.21,3.0,52.63,4.67,0.67,0.33,1.27,4.0,3.16,0,1
2022-10-03,E0,20:00,Leicester,Nott'm Forest,H,H,R Jones,2022/2023,75.0,50.0,7,3,63.16,3.25,52.63,1.75,1.25,0.25,1.76,2.2,1.21,0,1
2022-10-15,E0,15:00,Wolves,Nott'm Forest,H,D,T Bramall,2022/2023,20.0,40.0,2,2,26.32,2.8,52.63,0.6,0.8,0.2,2.13,1.91,1.0,0,0
2022-10-18,E0,19:30,Brighton,Nott'm Forest,D,D,D England,2022/2023,20.0,40.0,7,0,52.63,2.4,52.63,1.2,0.6,0.2,1.78,2.1,1.95,0,0
2022-10-30,E0,14:00,Arsenal,Nott'm Forest,H,H,S Hooper,2022/2023,100.0,60.0,10,2,89.47,3.2,52.63,3.0,1.0,0.0,1.58,2.5,2.79,0,1
2022-12-27,E0,20:00,Man United,Nott'm Forest,H,H,A Taylor,2022/2023,40.0,60.0,8,3,57.89,2.6,52.63,1.8,0.2,0.0,1.57,2.63,1.89,0,1
2023-01-04,E0,19:30,Southampton,Nott'm Forest,A,A,T Bramall,2022/2023,40.0,40.0,0,1,47.37,1.8,52.63,0.8,2.0,0.2,2.21,1.73,1.0,0,0
2023-01-21,E0,15:00,Bournemouth,Nott'm Forest,D,H,A Madley,2022/2023,40.0,40.0,4,5,47.37,1.8,52.63,1.2,1.4,0.4,2.38,1.67,1.05,0,0
2023-02-11,E0,15:00,Fulham,Nott'm Forest,H,H,A Madley,2022/2023,60.0,40.0,3,1,73.68,2.2,52.63,1.4,1.0,0.4,2.13,1.82,1.63,0,0
2023-02-25,E0,15:00,West Ham,Nott'm Forest,H,D,J Gillett,2022/2023,20.0,40.0,5,3,36.84,2.0,52.63,1.4,1.0,0.4,2.19,1.73,1.37,0,1
2023-03-11,E0,15:00,Tottenham,Nott'm Forest,H,H,C Pawson,2022/2023,20.0,40.0,7,5,57.89,2.0,52.63,1.6,0.6,0.6,1.96,1.98,1.95,0,1
2023-04-04,E0,19:45,Leeds,Nott'm Forest,H,H,R Jones,2022/2023,40.0,60.0,6,1,63.16,2.4,52.63,1.0,1.0,0.6,1.99,1.96,1.37,0,1
2023-04-08,E0,15:00,Aston Villa,Nott'm Forest,H,D,A Taylor,2022/2023,60.0,60.0,3,2,57.89,2.6,52.63,2.0,1.6,0.4,1.99,1.99,1.74,0,0
2023-04-22,E0,15:00,Liverpool,Nott'm Forest,H,D,M Oliver,2022/2023,60.0,80.0,6,5,52.63,2.8,52.63,3.2,0.8,0.8,1.47,3.0,2.42,0,1
2023-04-29,E0,15:00,Brentford,Nott'm Forest,H,A,P Bankes,2022/2023,60.0,80.0,8,3,47.37,2.4,52.63,1.6,1.4,1.0,2.08,1.86,1.84,0,1
2023-05-13,E0,15:00,Chelsea,Nott'm Forest,D,A,P Tierney,2022/2023,40.0,80.0,6,2,36.84,2.2,52.63,0.6,1.6,1.2,1.87,2.0,1.05,0,1
2023-05-28,E0,16:30,Crystal Palace,Nott'm Forest,D,A,T Bramall,2022/2023,40.0,60.0,4,4,42.11,2.0,52.63,1.8,1.0,1.2,1.9,2.06,1.11,0,0
2023-08-12,E0,12:30,Arsenal,Nott'm Forest,H,H,M Oliver,2023/2024,100.0,100.0,7,2,73.68,2.0,57.89,2.0,1.0,1.0,1.52,2.63,2.53,0,1
2023-08-26,E0,15:00,Man United,Nott'm Forest,H,A,S Attwell,2023/2024,50.0,100.0,9,4,68.42,2.5,57.89,2.0,1.0,1.5,1.68,2.38,1.63,0,1
2023-09-02,E0,15:00,Chelsea,Nott'm Forest,A,D,T Robinson,2023/2024,33.33,66.67,2,3,63.16,1.67,57.89,1.33,0.67,1.33,1.8,2.1,2.32,0,0
2023-09-23,E0,15:00,Man City,Nott'm Forest,H,H,A Taylor,2023/2024,33.33,50.0,4,3,57.89,1.75,57.89,2.67,0.33,1.0,1.55,2.63,2.68,1,0
2023-10-07,E0,17:30,Crystal Palace,Nott'm Forest,D,D,C Pawson,2023/2024,25.0,40.0,2,5,63.16,1.4,57.89,0.75,0.75,0.8,2.51,1.57,1.95,0,0
2023-10-29,E0,14:00,Liverpool,Nott'm Forest,H,H,C Kavanagh,2023/2024,80.0,40.0,8,1,68.42,1.6,57.89,2.8,0.4,0.6,1.5,2.7,2.58,0,1
2023-11-12,E0,14:00,West Ham,Nott'm Forest,H,D,M Salisbury,2023/2024,60.0,40.0,6,5,52.63,1.6,57.89,1.6,1.6,0.6,1.99,1.95,1.63,0,1
2023-12-06,E0,19:30,Fulham,Nott'm Forest,H,H,J Smith,2023/2024,60.0,60.0,6,1,63.16,2.6,57.89,2.2,1.2,0.4,2.23,1.7,1.63,0,1
2023-12-09,E0,15:00,Wolves,Nott'm Forest,D,D,S Barrott,2023/2024,40.0,60.0,4,2,63.16,2.4,57.89,1.4,1.0,0.6,2.53,1.53,1.37,0,0
2023-12-26,E0,12:30,Newcastle,Nott'm Forest,A,D,C Kavanagh,2023/2024,60.0,80.0,7,6,68.42,2.6,57.89,2.0,0.8,1.2,1.78,2.25,2.58,0,1
2024-01-20,E0,17:30,Brentford,Nott'm Forest,H,D,D England,2023/2024,80.0,80.0,5,3,68.42,2.6,57.89,1.6,2.0,1.6,1.98,1.95,1.53,0,1
2024-02-04,E0,14:00,Bournemouth,Nott'm Forest,D,D,R Welch,2023/2024,60.0,60.0,2,6,63.16,2.2,57.89,1.6,1.4,1.4,1.67,2.35,1.42,1,0
2024-02-24,E0,15:00,Aston Villa,Nott'm Forest,H,H,S Barrott,2023/2024,80.0,60.0,6,3,78.95,2.0,57.89,2.0,2.0,1.8,1.56,2.5,2.53,0,1
2024-03-10,E0,14:00,Brighton,Nott'm Forest,H,H,M Salisbury,2023/2024,40.0,60.0,3,4,57.89,2.0,57.89,2.0,0.8,1.6,1.61,2.35,1.58,0,0
2024-03-16,E0,15:00,Luton,Nott'm Forest,D,A,D England,2023/2024,80.0,40.0,4,6,68.42,2.0,57.89,1.8,1.8,1.2,1.78,2.1,1.47,0,0
2024-04-07,E0,18:00,Tottenham,Nott'm Forest,H,D,S Hooper,2023/2024,100.0,40.0,7,6,84.21,2.0,57.89,2.2,1.2,1.0,1.43,3.0,2.0,0,1
2024-04-21,E0,13:30,Everton,Nott'm Forest,H,H,A Taylor,2023/2024,40.0,40.0,4,3,36.84,2.2,57.89,1.4,1.2,0.8,2.18,1.73,1.16,0,0
2024-05-04,E0,15:00,Sheffield United,Nott'm Forest,A,D,C Kavanagh,2023/2024,100.0,40.0,5,4,84.21,1.6,57.89,1.4,3.6,1.0,1.61,2.38,1.0,1,1
2024-05-19,E0,16:00,Burnley,Nott'm Forest,A,A,G Scott,2023/2024,60.0,60.0,3,6,57.89,1.6,57.89,1.2,1.8,1.4,1.6,2.5,1.0,0,1
2023-08-18,E0,19:45,Nott'm Forest,Sheffield United,H,H,P Bankes,2023/2024,100.0,100.0,4,3,52.63,2.0,57.89,2.0,1.0,1.0,2.31,1.67,1.42,0,1
2023-09-16,E0,15:00,Tottenham,Sheffield United,H,D,P Bankes,2023/2024,50.0,100.0,10,5,84.21,2.0,57.89,2.0,0.5,1.0,1.45,3.0,2.0,0,1
2023-09-30,E0,15:00,West Ham,Sheffield United,H,H,G Scott,2023/2024,66.67,66.67,9,2,52.63,2.0,57.89,2.0,1.33,0.67,1.82,2.1,1.63,0,0
2023-10-07,E0,15:00,Fulham,Sheffield United,H,D,S Barrott,2023/2024,50.0,75.0,6,2,63.16,2.25,57.89,1.0,1.5,0.75,1.87,2.08,1.63,0,1
2023-10-28,E0,15:00,Arsenal,Sheffield United,H,H,T Robinson,2023/2024,80.0,80.0,8,0,73.68,2.8,57.89,2.6,1.0,0.6,1.4,3.1,2.53,0,1
2023-11-12,E0,14:00,Brighton,Sheffield United,D,H,J Brooks,2023/2024,60.0,60.0,6,1,57.89,2.6,57.89,2.0,1.2,0.6,1.56,2.5,1.58,1,0
2023-12-02,E0,15:00,Burnley,Sheffield United,H,H,C Kavanagh,2023/2024,60.0,60.0,7,3,57.89,3.2,57.89,1.4,1.8,0.4,2.16,1.73,1.0,0,1
2023-12-16,E0,15:00,Chelsea,Sheffield United,H,D,A Madley,2023/2024,60.0,60.0,6,1,63.16,3.2,57.89,2.2,2.0,0.4,1.43,2.88,2.32,0,0
2023-12-22,E0,20:00,Aston Villa,Sheffield United,D,D,A Taylor,2023/2024,40.0,40.0,4,2,78.95,2.8,57.89,1.8,0.6,0.4,1.45,2.88,2.53,0,0
2023-12-30,E0,15:00,Man City,Sheffield United,H,H,D Coote,2023/2024,60.0,20.0,4,2,57.89,2.2,57.89,2.8,1.4,0.4,1.36,3.5,2.68,0,0
2024-01-30,E0,20:00,Crystal Palace,Sheffield United,H,D,T Harrington,2023/2024,60.0,40.0,4,5,63.16,2.6,57.89,1.6,1.6,0.6,2.11,1.83,1.95,0,1
2024-02-10,E0,15:00,Luton,Sheffield United,A,A,C Kavanagh,2023/2024,80.0,40.0,5,3,68.42,1.8,57.89,1.8,1.6,1.2,1.85,2.0,1.47,0,1
2024-02-25,E0,13:30,Wolves,Sheffield United,H,H,D Bond,2023/2024,60.0,40.0,2,4,63.16,1.6,57.89,1.8,1.4,1.2,1.81,2.08,1.37,0,0
2024-03-09,E0,15:00,Bournemouth,Sheffield United,D,A,A Taylor,2023/2024,60.0,60.0,12,9,63.16,1.8,57.89,1.2,1.6,1.4,1.5,2.88,1.42,0,1
2024-04-04,E0,19:30,Liverpool,Sheffield United,H,H,S Attwell,2023/2024,80.0,80.0,9,3,68.42,2.0,57.89,2.6,1.0,1.6,1.19,5.0,2.58,0,1
2024-04-13,E0,15:00,Brentford,Sheffield United,H,D,S Barrott,2023/2024,40.0,60.0,5,2,68.42,1.8,57.89,1.2,1.4,1.2,1.53,2.63,1.53,0,0
2024-04-24,E0,20:00,Man United,Sheffield United,H,D,M Salisbury,2023/2024,80.0,60.0,13,4,68.42,2.4,57.89,2.4,1.2,1.0,1.37,3.4,1.63,0,1
2024-04-27,E0,15:00,Newcastle,Sheffield United,H,D,T Harrington,2023/2024,80.0,80.0,7,5,68.42,3.2,57.89,3.4,1.0,1.2,1.33,3.75,2.58,0,1
2024-05-11,E0,15:00,Everton,Sheffield United,H,H,S Attwell,2023/2024,0.0,60.0,6,1,36.84,3.0,57.89,1.4,0.0,0.8,1.55,2.5,1.16,0,0
2022-08-06,E0,15:00,Tottenham,Southampton,H,H,A Marriner,2022/2023,100.0,100.0,8,2,57.89,4.0,57.89,4.0,1.0,1.0,1.67,2.3,1.95,0,1
2022-08-20,E0,15:00,Leicester,Southampton,A,D,M Salisbury,2022/2023,100.0,100.0,1,3,63.16,2.5,57.89,1.5,2.0,1.5,1.7,2.37,1.21,0,1
2022-09-03,E0,15:00,Wolves,Southampton,H,H,J Brooks,2022/2023,0.0,66.67,2,1,26.32,2.0,57.89,0.67,0.33,1.0,2.08,1.86,1.0,0,0
2022-09-16,E0,20:00,Aston Villa,Southampton,H,H,T Harrington,2022/2023,25.0,50.0,3,1,57.89,1.75,57.89,1.0,0.75,0.75,1.93,1.98,1.74,0,0
2022-10-08,E0,15:00,Man City,Southampton,H,H,A Madley,2022/2023,100.0,60.0,8,0,84.21,2.2,57.89,4.8,1.0,0.6,1.29,4.0,3.16,0,1
2022-10-19,E0,19:30,Bournemouth,Southampton,A,A,J Brooks,2022/2023,40.0,40.0,3,3,47.37,1.4,57.89,0.4,1.0,0.6,2.24,1.72,1.05,0,0
2022-10-29,E0,15:00,Crystal Palace,Southampton,H,H,M Salisbury,2022/2023,60.0,20.0,3,4,42.11,1.4,57.89,1.4,1.0,0.2,2.2,1.72,1.11,0,0
2022-11-12,E0,15:00,Liverpool,Southampton,H,H,S Hooper,2022/2023,60.0,40.0,7,5,52.63,1.8,57.89,1.8,1.2,0.4,1.47,3.2,2.42,0,1
2022-12-31,E0,15:00,Fulham,Southampton,H,H,G Scott,2022/2023,80.0,60.0,2,3,73.68,2.0,57.89,1.6,1.0,0.6,1.83,2.1,1.63,0,1
2023-01-14,E0,15:00,Everton,Southampton,A,H,J Brooks,2022/2023,80.0,60.0,4,5,42.11,1.4,57.89,1.2,2.0,1.0,2.35,1.62,0.84,0,1
2023-02-04,E0,15:00,Brentford,Southampton,H,H,D Bond,2022/2023,60.0,80.0,4,6,47.37,2.0,57.89,2.2,0.8,0.8,2.13,1.82,1.84,0,1
2023-02-18,E0,15:00,Chelsea,Southampton,A,A,D Coote,2022/2023,0.0,80.0,5,5,36.84,1.8,57.89,0.6,0.4,1.0,1.82,2.1,1.05,0,0
2023-02-25,E0,15:00,Leeds,Southampton,H,D,P Bankes,2022/2023,40.0,60.0,4,2,63.16,1.4,57.89,0.8,1.4,0.8,1.97,1.95,1.37,0,0
2023-03-12,E0,14:00,Man United,Southampton,D,D,A Taylor,2022/2023,80.0,40.0,4,4,57.89,1.0,57.89,1.8,0.8,0.6,1.57,2.63,1.89,0,0
2023-04-02,E0,14:00,West Ham,Southampton,H,H,P Tierney,2022/2023,20.0,20.0,2,3,36.84,1.0,57.89,1.8,0.4,0.2,2.14,1.8,1.37,0,0
2023-04-21,E0,20:00,Arsenal,Southampton,D,A,S Hooper,2022/2023,100.0,20.0,6,6,89.47,1.0,57.89,3.6,1.4,0.8,1.57,2.5,2.79,0,1
2023-04-30,E0,14:00,Newcastle,Southampton,H,A,A Taylor,2022/2023,60.0,40.0,5,3,36.84,1.6,57.89,2.6,1.0,0.8,1.62,2.5,1.89,0,1
2023-05-08,E0,20:00,Nott'm Forest,Southampton,H,H,M Oliver,2022/2023,60.0,60.0,4,5,36.84,2.2,57.89,1.8,1.8,1.4,2.23,1.73,1.42,0,1
2023-05-21,E0,14:00,Brighton,Southampton,H,H,P Tierney,2022/2023,80.0,80.0,8,1,52.63,2.8,57.89,2.8,1.8,1.6,1.4,3.4,1.95,0,1
2024-08-17,E0,15:00,Newcastle,Southampton,H,H,C Pawson,2024/2025,0.0,0.0,1,4,0.0,1.0,0.0,1.0,0.0,0.0,1.46,2.75,1.0,1,0
2022-08-14,E0,16:30,Chelsea,Tottenham,D,H,A Taylor,2022/2023,100.0,100.0,3,5,36.84,2.0,63.16,2.0,2.0,2.0,1.99,1.95,1.05,0,1
2022-08-28,E0,16:30,Nott'm Forest,Tottenham,A,A,C Pawson,2022/2023,0.0,50.0,1,7,36.84,1.0,63.16,0.5,1.0,2.0,1.75,2.3,1.42,0,0
2022-08-31,E0,19:45,West Ham,Tottenham,D,A,P Bankes,2022/2023,0.0,33.33,4,4,36.84,1.0,63.16,0.33,1.67,1.67,1.91,2.01,1.37,0,0
2022-10-01,E0,12:30,Arsenal,Tottenham,H,D,A Taylor,2022/2023,100.0,50.0,9,3,89.47,1.5,63.16,2.75,1.25,1.5,1.81,2.1,2.79,0,1
2022-10-08,E0,17:30,Brighton,Tottenham,A,A,T Harrington,2022/2023,25.0,40.0,4,3,52.63,1.2,63.16,1.5,0.75,1.4,2.05,1.87,1.95,0,0
2022-10-19,E0,20:15,Man United,Tottenham,H,D,S Hooper,2022/2023,60.0,20.0,10,2,57.89,1.2,63.16,1.6,0.8,1.0,1.89,2.0,1.89,0,0
2022-10-29,E0,15:00,Bournemouth,Tottenham,A,H,A Taylor,2022/2023,40.0,40.0,4,7,47.37,1.6,63.16,0.8,1.0,1.2,2.11,1.86,1.05,0,1
2022-12-26,E0,12:30,Brentford,Tottenham,D,H,D Coote,2022/2023,40.0,60.0,5,8,47.37,1.8,63.16,1.0,1.2,1.4,1.82,2.1,1.84,0,1
2023-01-04,E0,20:00,Crystal Palace,Tottenham,A,D,M Oliver,2022/2023,80.0,60.0,4,6,42.11,1.2,63.16,1.0,1.8,2.0,2.01,1.92,1.11,0,1
2023-01-19,E0,20:00,Man City,Tottenham,H,A,S Hooper,2022/2023,80.0,80.0,6,3,84.21,2.0,63.16,2.2,1.4,2.2,1.57,2.5,3.16,0,1
2023-01-23,E0,20:00,Fulham,Tottenham,A,A,P Tierney,2022/2023,60.0,80.0,5,3,73.68,1.6,63.16,1.0,1.0,2.4,1.72,2.2,1.63,0,0
2023-02-11,E0,15:00,Leicester,Tottenham,H,H,M Salisbury,2022/2023,60.0,80.0,7,4,63.16,2.0,63.16,1.2,1.6,2.0,1.77,2.1,1.21,0,1
2023-03-04,E0,15:00,Wolves,Tottenham,H,D,T Robinson,2022/2023,20.0,60.0,5,6,26.32,1.8,63.16,1.0,0.4,1.6,2.38,1.67,1.0,0,0
2023-03-18,E0,15:00,Southampton,Tottenham,D,A,S Hooper,2022/2023,40.0,60.0,7,3,47.37,2.4,63.16,1.0,1.6,1.4,2.12,1.83,1.0,0,1
2023-04-03,E0,20:00,Everton,Tottenham,D,D,D Coote,2022/2023,0.0,40.0,6,2,42.11,1.8,63.16,0.8,0.6,1.2,2.29,1.67,0.84,1,0
2023-04-23,E0,14:00,Newcastle,Tottenham,H,H,D Coote,2022/2023,40.0,60.0,8,3,36.84,3.0,63.16,2.2,1.0,1.2,1.89,2.1,1.89,0,1
2023-04-30,E0,16:30,Liverpool,Tottenham,H,H,P Tierney,2022/2023,80.0,60.0,4,7,52.63,3.0,63.16,3.6,1.4,1.6,1.41,3.0,2.42,0,1
2023-05-13,E0,15:00,Aston Villa,Tottenham,H,H,P Bankes,2022/2023,60.0,80.0,4,2,57.89,3.2,63.16,2.2,0.2,1.8,1.76,2.2,1.74,0,1
2023-05-28,E0,16:30,Leeds,Tottenham,A,A,A Taylor,2022/2023,80.0,80.0,2,7,63.16,2.8,63.16,1.2,3.6,2.0,1.6,2.5,1.37,0,1
2023-08-13,E0,14:00,Brentford,Tottenham,D,D,R Jones,2023/2024,100.0,100.0,6,6,68.42,2.0,73.68,2.0,2.0,2.0,1.78,2.1,1.53,0,1
2023-08-26,E0,12:30,Bournemouth,Tottenham,A,A,T Robinson,2023/2024,0.0,50.0,3,6,63.16,1.0,73.68,0.5,1.5,2.0,1.61,2.38,1.42,0,0
2023-09-02,E0,15:00,Burnley,Tottenham,A,A,D England,2023/2024,100.0,66.67,4,10,57.89,1.33,73.68,1.0,3.67,3.0,1.73,2.2,1.0,0,1
2023-09-24,E0,14:00,Arsenal,Tottenham,D,D,R Jones,2023/2024,100.0,75.0,6,5,73.68,1.5,73.68,2.25,1.5,2.75,1.59,2.5,2.53,0,1
2023-10-07,E0,12:30,Luton,Tottenham,A,D,J Brooks,2023/2024,50.0,60.0,2,4,68.42,1.2,73.68,0.75,1.5,2.4,1.53,2.6,1.47,0,0
2023-10-27,E0,20:00,Crystal Palace,Tottenham,A,D,A Madley,2023/2024,40.0,60.0,3,1,63.16,1.0,73.68,0.8,1.0,2.4,2.0,1.98,1.95,0,1
2023-11-11,E0,12:30,Wolves,Tottenham,H,A,T Robinson,2023/2024,80.0,80.0,4,2,63.16,1.4,73.68,1.6,1.6,2.2,1.97,2.01,1.37,0,1
2023-12-03,E0,16:30,Man City,Tottenham,D,H,S Hooper,2023/2024,60.0,80.0,4,4,57.89,1.6,73.68,2.8,1.2,1.8,1.35,3.6,2.68,0,1
2023-12-15,E0,20:00,Nott'm Forest,Tottenham,A,A,J Gillett,2023/2024,40.0,60.0,1,6,52.63,1.2,73.68,1.2,1.6,1.8,1.76,2.1,1.42,0,0
2023-12-28,E0,19:30,Brighton,Tottenham,H,H,J Gillett,2023/2024,40.0,80.0,9,3,57.89,2.0,73.68,1.8,1.2,2.0,1.48,2.7,1.58,0,1
2024-01-14,E0,16:30,Man United,Tottenham,D,H,J Brooks,2023/2024,80.0,80.0,2,6,68.42,2.2,73.68,1.6,1.6,2.0,1.51,2.6,1.63,0,1
2024-02-03,E0,12:30,Everton,Tottenham,D,A,M Oliver,2023/2024,60.0,80.0,5,6,36.84,2.2,73.68,1.6,1.0,2.2,1.7,2.25,1.16,0,1
2024-03-10,E0,13:00,Aston Villa,Tottenham,A,D,C Kavanagh,2023/2024,100.0,80.0,1,5,78.95,1.6,73.68,1.8,2.6,2.4,1.42,3.1,2.53,1,1
2024-03-16,E0,17:30,Fulham,Tottenham,H,H,R Jones,2023/2024,80.0,100.0,7,5,63.16,2.2,73.68,2.0,0.6,2.0,1.5,2.7,1.63,0,1
2024-04-02,E0,20:15,West Ham,Tottenham,D,D,J Brooks,2023/2024,60.0,80.0,4,4,52.63,1.6,73.68,1.6,2.4,1.8,1.44,3.0,1.63,0,0
2024-04-13,E0,12:30,Newcastle,Tottenham,H,H,T Robinson,2023/2024,80.0,80.0,5,2,68.42,2.0,73.68,2.8,1.2,1.4,1.38,3.4,2.58,0,1
2024-05-02,E0,19:30,Chelsea,Tottenham,H,H,R Jones,2023/2024,80.0,60.0,5,3,63.16,2.0,73.68,3.4,1.4,1.0,1.35,3.4,2.32,0,0
2024-05-05,E0,16:30,Liverpool,Tottenham,H,H,P Tierney,2023/2024,60.0,60.0,13,6,68.42,2.8,73.68,2.0,1.2,0.6,1.29,4.0,2.58,0,1
2024-05-19,E0,16:00,Sheffield United,Tottenham,A,A,A Madley,2023/2024,100.0,60.0,1,9,84.21,2.2,73.68,1.4,3.0,1.2,1.3,3.75,1.0,0,1
2024-08-19,E0,20:00,Leicester,Tottenham,D,A,C Kavanagh,2024/2025,0.0,0.0,3,7,0.0,1.0,0.0,1.0,1.0,1.0,1.57,2.38,1.0,0,0
2022-08-14,E0,14:00,Nott'm Forest,West Ham,H,H,R Jones,2022/2023,0.0,0.0,6,5,36.84,1.0,42.11,1.0,0.0,0.0,1.92,1.99,1.42,0,0
2022-08-28,E0,14:00,Aston Villa,West Ham,A,D,D Coote,2022/2023,50.0,0.0,3,2,57.89,0.5,42.11,1.0,1.0,0.5,2.06,1.96,1.74,0,0
2022-09-03,E0,15:00,Chelsea,West Ham,H,D,A Madley,2022/2023,100.0,33.33,3,3,36.84,1.0,42.11,2.0,1.33,0.67,1.97,1.97,1.05,0,1
2022-09-18,E0,14:15,Everton,West Ham,H,D,M Oliver,2022/2023,0.0,25.0,2,4,42.11,1.0,42.11,0.5,0.5,0.5,2.26,1.84,0.84,0,0
2022-10-16,E0,14:00,Southampton,West Ham,D,H,P Bankes,2022/2023,60.0,20.0,8,4,47.37,1.0,42.11,1.2,1.4,0.6,2.06,1.86,1.0,0,0
2022-10-19,E0,19:30,Liverpool,West Ham,H,H,S Attwell,2022/2023,60.0,20.0,7,3,52.63,1.0,42.11,3.2,0.8,0.6,1.59,2.37,2.42,0,0
2022-10-30,E0,16:15,Man United,West Ham,H,H,C Kavanagh,2022/2023,40.0,20.0,3,5,57.89,1.2,42.11,1.6,0.4,0.4,1.93,1.99,1.89,0,0
2022-12-26,E0,20:00,Arsenal,West Ham,H,A,M Oliver,2022/2023,100.0,20.0,5,4,89.47,1.4,42.11,3.2,1.0,0.4,2.02,2.0,2.79,0,1
2023-01-04,E0,19:45,Leeds,West Ham,D,D,D Coote,2022/2023,80.0,40.0,6,2,63.16,1.6,42.11,1.8,2.4,0.8,2.02,1.91,1.37,0,1
2023-01-14,E0,15:00,Wolves,West Ham,H,D,S Hooper,2022/2023,40.0,40.0,4,4,26.32,1.6,42.11,0.6,2.0,0.6,2.35,1.67,1.0,0,0
2023-02-04,E0,17:30,Newcastle,West Ham,D,D,P Bankes,2022/2023,20.0,40.0,2,1,36.84,1.6,42.11,1.4,0.2,0.8,2.0,1.93,1.89,0,0
2023-02-19,E0,16:30,Tottenham,West Ham,H,D,M Oliver,2022/2023,20.0,40.0,6,1,57.89,1.8,42.11,1.4,1.4,0.8,2.16,1.73,1.95,0,0
2023-03-04,E0,15:00,Brighton,West Ham,H,H,S Attwell,2022/2023,60.0,40.0,9,2,52.63,2.0,42.11,2.0,1.0,0.6,2.0,1.93,1.95,0,1
2023-04-08,E0,15:00,Fulham,West Ham,A,A,J Gillett,2022/2023,20.0,20.0,3,5,73.68,1.6,42.11,0.6,1.2,0.4,2.35,1.73,1.63,0,0
2023-04-23,E0,14:00,Bournemouth,West Ham,A,A,A Taylor,2022/2023,60.0,40.0,5,10,47.37,1.4,42.11,0.8,2.2,1.2,2.17,1.8,1.05,0,1
2023-04-29,E0,12:30,Crystal Palace,West Ham,H,H,C Pawson,2022/2023,40.0,60.0,6,4,42.11,2.0,42.11,1.2,1.0,1.6,2.45,1.73,1.11,0,1
2023-05-03,E0,20:00,Man City,West Ham,H,D,J Brooks,2022/2023,80.0,80.0,7,2,84.21,2.2,42.11,3.2,0.6,1.6,1.45,3.0,3.16,0,1
2023-05-14,E0,14:00,Brentford,West Ham,H,H,M Oliver,2022/2023,40.0,60.0,10,4,47.37,1.8,42.11,1.4,1.0,1.6,2.24,1.73,1.84,0,0
2023-05-28,E0,16:30,Leicester,West Ham,H,H,S Hooper,2022/2023,80.0,80.0,4,3,63.16,2.2,42.11,1.2,1.6,1.6,1.6,2.63,1.21,0,1
2023-08-12,E0,15:00,Bournemouth,West Ham,D,D,P Bankes,2023/2024,0.0,0.0,5,3,63.16,1.0,84.21,1.0,1.0,1.0,1.83,2.1,1.42,0,0
2023-08-26,E0,17:30,Brighton,West Ham,A,A,A Taylor,2023/2024,100.0,50.0,10,3,57.89,1.0,84.21,2.5,2.0,2.0,1.51,2.75,1.58,0,1
2023-09-01,E0,20:00,Luton,West Ham,A,A,P Tierney,2023/2024,100.0,66.67,1,3,68.42,1.0,84.21,1.0,2.0,2.0,1.77,2.1,1.47,0,1
2023-09-24,E0,14:00,Liverpool,West Ham,H,D,C Kavanagh,2023/2024,100.0,75.0,7,4,68.42,1.5,84.21,3.0,0.67,1.75,1.41,3.0,2.58,0,1
2023-10-22,E0,16:30,Aston Villa,West Ham,H,H,D Coote,2023/2024,100.0,80.0,7,4,78.95,2.0,84.21,4.25,0.75,1.6,1.7,2.3,2.53,0,1
2023-11-04,E0,15:00,Brentford,West Ham,H,A,T Bramall,2023/2024,80.0,100.0,4,2,68.42,2.4,84.21,2.0,1.6,1.8,1.82,2.1,1.53,0,1
2023-11-25,E0,15:00,Burnley,West Ham,A,D,S Barrott,2023/2024,60.0,100.0,5,3,57.89,2.4,84.21,0.8,2.8,1.6,2.08,1.84,1.0,0,1
2023-12-07,E0,20:15,Tottenham,West Ham,A,H,M Salisbury,2023/2024,80.0,100.0,7,5,84.21,2.4,84.21,1.4,1.8,1.6,1.58,2.4,2.0,0,1
2023-12-10,E0,14:00,Fulham,West Ham,H,H,P Tierney,2023/2024,80.0,100.0,8,5,63.16,2.8,84.21,3.2,0.8,1.4,1.88,2.04,1.63,0,1
2023-12-28,E0,20:15,Arsenal,West Ham,A,A,M Oliver,2023/2024,60.0,80.0,8,3,73.68,2.0,84.21,2.4,0.8,1.6,1.62,2.35,2.53,0,0
2024-01-21,E0,14:00,Sheffield United,West Ham,D,D,M Salisbury,2023/2024,60.0,80.0,6,5,84.21,1.8,84.21,1.2,2.0,1.6,2.14,1.87,1.0,1,1
2024-02-04,E0,14:00,Man United,West Ham,H,H,A Madley,2023/2024,100.0,80.0,5,3,68.42,2.2,84.21,2.0,1.6,1.2,1.63,2.35,1.63,0,1
2024-02-17,E0,15:00,Nott'm Forest,West Ham,H,H,T Bramall,2023/2024,80.0,60.0,8,3,52.63,2.4,84.21,1.8,1.8,0.8,1.94,2.04,1.42,0,0
2024-03-02,E0,15:00,Everton,West Ham,A,D,C Pawson,2023/2024,60.0,60.0,11,5,36.84,1.6,84.21,1.0,1.8,1.4,1.99,1.95,1.16,0,1
2024-03-30,E0,12:30,Newcastle,West Ham,H,A,R Jones,2023/2024,100.0,80.0,9,4,68.42,2.4,84.21,3.0,2.4,1.6,1.51,2.6,2.58,1,1
2024-04-06,E0,15:00,Wolves,West Ham,A,H,T Harrington,2023/2024,60.0,80.0,7,4,63.16,2.2,84.21,1.4,1.8,1.6,2.06,2.0,1.37,0,1
2024-04-21,E0,15:00,Crystal Palace,West Ham,H,H,G Scott,2023/2024,80.0,80.0,7,1,63.16,2.6,84.21,2.4,2.0,2.0,1.9,2.03,1.95,0,1
2024-05-05,E0,14:00,Chelsea,West Ham,H,H,A Madley,2023/2024,80.0,100.0,14,2,63.16,3.2,84.21,3.8,1.0,2.0,1.37,3.4,2.32,0,1
2024-05-19,E0,16:00,Man City,West Ham,H,H,J Brooks,2023/2024,80.0,100.0,12,2,57.89,3.6,84.21,3.4,0.8,1.6,1.22,4.5,2.68,0,1
2022-08-06,E0,15:00,Leeds,Wolves,H,D,R Jones,2022/2023,100.0,100.0,4,6,63.16,2.0,52.63,2.0,1.0,1.0,2.09,1.95,1.37,0,1
2022-08-20,E0,12:30,Tottenham,Wolves,H,D,S Hooper,2022/2023,50.0,50.0,4,3,57.89,1.5,52.63,2.5,0.5,0.5,1.76,2.3,1.95,0,0
2022-08-31,E0,19:30,Bournemouth,Wolves,D,D,A Taylor,2022/2023,33.33,33.33,2,4,47.37,1.0,52.63,0.67,1.0,0.33,2.31,1.66,1.05,0,0
2022-10-01,E0,17:30,West Ham,Wolves,H,H,P Tierney,2022/2023,0.0,25.0,5,4,36.84,1.25,52.63,0.75,1.25,0.25,2.33,1.66,1.37,0,0
2022-10-08,E0,15:00,Chelsea,Wolves,H,H,S Hooper,2022/2023,100.0,40.0,7,2,36.84,1.6,52.63,2.25,1.0,0.2,2.02,1.95,1.05,0,1
2022-10-18,E0,20:15,Crystal Palace,Wolves,H,A,D Coote,2022/2023,80.0,40.0,4,4,42.11,1.6,52.63,1.8,1.2,0.2,2.4,1.66,1.11,0,1
2022-10-29,E0,15:00,Brentford,Wolves,D,D,R Madley,2022/2023,40.0,40.0,3,4,47.37,1.6,52.63,1.6,1.2,0.4,2.01,1.94,1.84,0,0
2022-12-26,E0,15:00,Everton,Wolves,A,D,C Pawson,2022/2023,60.0,60.0,6,4,42.11,1.8,52.63,1.2,1.2,0.8,2.4,1.62,0.84,0,1
2023-01-04,E0,20:00,Aston Villa,Wolves,D,A,J Gillett,2022/2023,60.0,60.0,4,3,57.89,1.6,52.63,1.8,1.4,1.0,2.25,1.73,1.74,0,0
2023-01-22,E0,14:00,Man City,Wolves,H,H,D Coote,2022/2023,80.0,60.0,7,1,84.21,1.6,52.63,2.2,1.2,1.0,1.55,2.63,3.16,0,1
2023-02-11,E0,15:00,Southampton,Wolves,A,H,J Gillett,2022/2023,60.0,60.0,2,2,47.37,1.4,52.63,0.6,2.2,1.2,2.47,1.62,1.0,0,1
2023-02-24,E0,20:00,Fulham,Wolves,D,A,M Oliver,2022/2023,40.0,60.0,5,2,73.68,1.4,52.63,1.4,0.8,1.2,2.37,1.62,1.63,0,0
2023-03-01,E0,20:00,Liverpool,Wolves,H,D,P Tierney,2022/2023,40.0,40.0,6,1,52.63,1.6,52.63,1.8,0.4,0.8,1.82,2.1,2.42,0,0
2023-03-12,E0,16:30,Newcastle,Wolves,H,H,A Madley,2022/2023,20.0,60.0,8,4,36.84,1.8,52.63,0.8,0.8,0.8,2.29,1.73,1.89,0,1
2023-04-01,E0,15:00,Nott'm Forest,Wolves,D,H,C Kavanagh,2022/2023,40.0,40.0,7,1,36.84,1.4,52.63,1.2,1.2,1.0,2.56,1.53,1.42,0,0
2023-04-22,E0,15:00,Leicester,Wolves,H,D,A Madley,2022/2023,60.0,40.0,8,3,63.16,1.6,52.63,0.8,1.6,0.8,2.26,1.73,1.21,0,1
2023-04-29,E0,15:00,Brighton,Wolves,H,H,D Coote,2022/2023,60.0,60.0,8,2,52.63,2.6,52.63,2.8,0.8,0.6,1.85,2.1,1.95,0,1
2023-05-13,E0,15:00,Man United,Wolves,H,H,J Brooks,2022/2023,0.0,60.0,9,0,57.89,2.6,52.63,1.2,0.0,0.6,1.69,2.38,1.89,0,0
2023-05-28,E0,16:30,Arsenal,Wolves,H,H,A Marriner,2022/2023,100.0,60.0,8,0,89.47,3.2,52.63,3.0,1.6,0.4,1.41,3.2,2.79,0,1
2023-08-14,E0,20:00,Man United,Wolves,H,D,S Hooper,2023/2024,0.0,0.0,3,6,68.42,1.0,63.16,1.0,0.0,0.0,1.68,2.3,1.63,0,0
2023-08-26,E0,15:00,Everton,Wolves,A,D,C Pawson,2023/2024,0.0,0.0,7,2,36.84,0.5,63.16,0.0,1.0,0.5,2.12,1.91,1.16,0,0
2023-09-03,E0,14:00,Crystal Palace,Wolves,H,D,R Jones,2023/2024,50.0,33.33,11,4,63.16,1.33,63.16,1.5,1.5,1.0,2.16,1.73,1.95,0,1
2023-09-23,E0,15:00,Luton,Wolves,D,D,J Smith,2023/2024,50.0,25.0,4,3,68.42,1.25,63.16,1.0,1.5,1.0,2.2,1.73,1.47,0,0
2023-10-21,E0,15:00,Bournemouth,Wolves,A,H,P Tierney,2023/2024,40.0,40.0,4,7,63.16,1.2,63.16,0.4,1.8,1.2,2.02,1.94,1.42,1,1
2023-11-04,E0,15:00,Sheffield United,Wolves,H,D,R Jones,2023/2024,100.0,60.0,2,3,84.21,1.4,63.16,1.2,3.0,1.4,1.95,2.01,1.0,0,1
2023-11-27,E0,20:00,Fulham,Wolves,H,D,M Salisbury,2023/2024,40.0,80.0,6,6,63.16,2.0,63.16,1.4,1.2,1.6,2.18,1.7,1.63,0,1
2023-12-02,E0,15:00,Arsenal,Wolves,H,H,P Bankes,2023/2024,80.0,80.0,6,3,73.68,1.8,63.16,2.6,0.8,1.4,1.68,2.25,2.53,0,1
2023-12-17,E0,14:00,West Ham,Wolves,H,H,C Kavanagh,2023/2024,60.0,100.0,4,3,52.63,2.2,63.16,1.8,1.2,1.2,2.04,1.87,1.63,0,1
2023-12-27,E0,19:30,Brentford,Wolves,A,A,A Madley,2023/2024,80.0,100.0,4,5,68.42,2.2,63.16,1.6,2.0,1.6,2.16,1.73,1.53,0,1
2024-01-22,E0,19:45,Brighton,Wolves,D,D,C Pawson,2023/2024,40.0,80.0,4,3,57.89,1.8,63.16,1.6,1.0,1.4,1.65,2.25,1.58,0,0
2024-02-04,E0,14:00,Chelsea,Wolves,A,A,T Robinson,2023/2024,60.0,80.0,6,7,63.16,1.6,63.16,2.0,1.4,1.8,1.63,2.35,2.32,0,1
2024-02-17,E0,15:00,Tottenham,Wolves,A,A,A Taylor,2023/2024,100.0,80.0,4,7,84.21,1.4,63.16,2.2,1.4,2.0,1.42,2.88,2.0,0,1
2024-03-02,E0,15:00,Newcastle,Wolves,H,H,T Robinson,2023/2024,100.0,80.0,7,3,68.42,1.4,63.16,2.4,2.4,2.0,1.58,2.4,2.58,0,1
2024-03-30,E0,17:30,Aston Villa,Wolves,H,H,P Tierney,2023/2024,80.0,60.0,5,3,78.95,1.6,63.16,1.6,2.2,1.2,1.69,2.25,2.53,0,0
2024-04-02,E0,19:45,Burnley,Wolves,D,D,T Bramall,2023/2024,60.0,60.0,6,2,57.89,1.8,63.16,1.0,2.2,1.4,1.91,2.05,1.0,0,0
2024-04-13,E0,15:00,Nott'm Forest,Wolves,D,D,C Pawson,2023/2024,40.0,60.0,9,4,52.63,1.8,63.16,1.6,1.0,1.0,2.0,1.95,1.42,0,1
2024-05-04,E0,17:30,Man City,Wolves,H,H,C Pawson,2023/2024,80.0,60.0,12,1,57.89,2.6,63.16,3.4,0.8,0.8,1.28,4.0,2.68,0,1
2024-05-19,E0,16:00,Liverpool,Wolves,H,H,C Kavanagh,2023/2024,60.0,40.0,14,3,68.42,2.4,63.16,2.2,1.0,0.8,1.19,5.0,2.58,0,0
2024-08-17,E0,15:00,Arsenal,Wolves,H,H,J Gillett,2024/2025,0.0,0.0,6,3,0.0,2.0,0.0,2.0,0.0,0.0,1.45,3.0,2.0,0,0
